timestamp,temperature,pressure,humidity
2026-05-14 06:52:47,34.5,7.04,54.9
2026-05-14 06:52:49,29.6,7.04,54.9
2026-05-14 06:52:49,29.6,5.34,54.9
2026-05-14 06:52:49,29.6,5.34,27.8
2026-05-14 06:52:51,20.3,5.34,27.8
2026-05-14 06:52:51,20.3,5.08,27.8
2026-05-14 06:52:51,20.3,5.08,73.9
2026-05-14 06:52:53,76.5,5.08,73.9
2026-05-14 06:52:53,76.5,2.0,73.9
2026-05-14 06:52:53,76.5,2.0,51.9
2026-05-14 06:52:55,47.4,2.0,51.9
2026-05-14 06:52:55,47.4,2.8,51.9
2026-05-14 06:52:55,47.4,2.8,50.0
2026-05-14 06:52:57,67.7,2.8,50.0
2026-05-14 06:52:57,67.7,7.99,50.0
2026-05-14 06:52:57,67.7,7.99,71.0
2026-05-14 06:52:59,34.7,7.99,71.0
2026-05-14 06:52:59,34.7,6.54,71.0
2026-05-14 06:52:59,34.7,6.54,66.8
2026-05-14 06:53:01,69.2,6.54,66.8
2026-05-14 06:53:01,69.2,3.27,66.8
2026-05-14 06:53:01,69.2,3.27,31.6
2026-05-14 06:53:03,20.3,3.27,31.6
2026-05-14 06:53:03,20.3,1.07,31.6
2026-05-14 06:53:03,20.3,1.07,69.1
2026-05-14 06:53:05,26.3,1.07,69.1
2026-05-14 06:53:05,26.3,2.7,69.1
2026-05-14 06:53:05,26.3,2.7,19.8
2026-05-14 06:53:07,37.0,2.7,19.8
2026-05-14 06:53:07,37.0,4.79,19.8
2026-05-14 06:53:07,37.0,4.79,74.5
2026-05-14 06:53:09,63.7,4.79,74.5
2026-05-14 06:53:09,63.7,3.25,74.5
2026-05-14 06:53:09,63.7,3.25,41.5
2026-05-14 06:53:11,51.5,3.25,41.5
2026-05-14 06:53:11,51.5,1.29,41.5
2026-05-14 06:53:11,51.5,1.29,19.0
2026-05-14 06:53:13,69.0,1.29,19.0
2026-05-14 06:53:13,69.0,3.12,19.0
2026-05-14 06:53:13,69.0,3.12,17.4
2026-05-14 06:53:15,16.4,3.12,17.4
2026-05-14 06:53:15,16.4,1.48,17.4
2026-05-14 06:53:15,16.4,1.48,49.2
2026-05-14 06:53:17,53.0,1.48,49.2
2026-05-14 06:53:17,53.0,6.58,49.2
2026-05-14 06:53:17,53.0,6.58,14.6
2026-05-14 06:53:19,43.0,6.58,14.6
2026-05-14 06:53:19,43.0,7.13,14.6
2026-05-14 06:53:19,43.0,7.13,11.6
2026-05-14 06:53:21,53.8,7.13,11.6
2026-05-14 06:53:21,53.8,5.95,11.6
2026-05-14 06:53:21,53.8,5.95,57.7
2026-05-14 06:53:24,55.9,5.95,57.7
2026-05-14 06:53:24,55.9,6.36,57.7
2026-05-14 06:53:25,55.9,6.36,28.7
2026-05-14 06:53:29,23.6,6.36,28.7
2026-05-14 06:53:32,23.6,7.27,28.7
2026-05-14 06:53:33,23.6,7.27,69.5
2026-05-14 06:53:33,77.3,7.27,69.5
2026-05-14 06:53:34,77.3,6.03,69.5
2026-05-14 06:53:35,77.3,6.03,60.5
2026-05-14 06:53:35,16.1,6.03,60.5
2026-05-14 06:53:35,16.1,6.0,60.5
2026-05-14 06:53:36,16.1,6.0,63.3
2026-05-14 06:53:36,63.0,6.0,63.3
2026-05-14 06:53:37,63.0,2.07,63.3
2026-05-14 06:53:37,63.0,2.07,38.0
2026-05-14 06:53:40,22.7,2.07,38.0
2026-05-14 06:53:41,22.7,2.31,38.0
2026-05-14 06:53:43,22.7,2.31,38.9
2026-05-14 06:53:45,44.0,2.31,38.9
2026-05-14 06:53:45,44.0,5.13,38.9
2026-05-14 06:53:46,44.0,5.13,70.6
2026-05-14 06:53:47,44.7,5.13,70.6
2026-05-14 06:53:47,44.7,5.65,70.6
2026-05-14 06:53:47,44.7,5.65,45.0
2026-05-14 06:53:50,36.3,5.65,45.0
2026-05-14 06:53:50,36.3,5.85,45.0
2026-05-14 06:53:51,36.3,5.85,15.4
2026-05-14 06:53:52,13.6,5.85,15.4
2026-05-14 06:53:52,13.6,5.68,15.4
2026-05-14 06:53:56,13.6,5.68,35.9
2026-05-14 06:53:56,56.0,5.68,35.9
2026-05-14 06:53:56,56.0,7.79,35.9
2026-05-14 06:53:56,56.0,7.79,43.0
2026-05-14 06:53:57,23.0,7.79,43.0
2026-05-14 06:53:57,23.0,5.8,43.0
2026-05-14 06:53:57,23.0,5.8,10.9
2026-05-14 06:53:59,67.7,5.8,10.9
2026-05-14 06:53:59,67.7,3.37,10.9
2026-05-14 06:53:59,67.7,3.37,79.8
2026-05-23 11:43:51,66.6,4.23,47.2
2026-05-23 11:43:53,74.7,4.23,47.2
2026-05-23 11:43:53,74.7,2.95,47.2
2026-05-23 11:43:53,74.7,2.95,41.1
2026-05-23 11:43:55,40.4,2.95,41.1
2026-05-23 11:43:55,40.4,6.2,41.1
2026-05-23 11:43:55,40.4,6.2,22.9
2026-05-23 11:43:57,70.0,6.2,22.9
2026-05-23 11:43:57,70.0,6.66,22.9
2026-05-23 11:43:57,70.0,6.66,23.7
2026-05-23 11:43:59,13.0,6.66,23.7
2026-05-23 11:43:59,13.0,3.38,23.7
2026-05-23 11:43:59,13.0,3.38,47.1
2026-05-23 11:44:01,46.0,3.38,47.1
2026-05-23 11:44:01,46.0,7.87,47.1
2026-05-23 11:44:01,46.0,7.87,36.1
2026-05-23 11:44:03,11.7,7.87,36.1
2026-05-23 11:44:03,11.7,4.03,36.1
2026-05-23 11:44:03,11.7,4.03,33.4
2026-05-23 11:44:05,35.8,4.03,33.4
2026-05-23 11:44:05,35.8,2.14,33.4
2026-05-23 11:44:05,35.8,2.14,77.3
2026-05-23 11:44:07,37.3,2.14,77.3
2026-05-23 11:44:07,37.3,6.49,77.3
2026-05-23 11:44:07,37.3,6.49,44.9
2026-05-23 11:44:09,53.6,6.49,44.9
2026-05-23 11:44:09,53.6,6.92,44.9
2026-05-23 11:44:09,53.6,6.92,18.9
2026-05-23 11:44:11,10.7,6.92,18.9
2026-05-23 11:44:11,10.7,6.32,18.9
2026-05-23 11:44:11,10.7,6.32,74.9
2026-05-23 11:44:13,23.8,6.32,74.9
2026-05-23 11:44:13,23.8,7.15,74.9
2026-05-23 11:44:13,23.8,7.15,20.9
2026-05-23 11:44:15,15.9,7.15,20.9
2026-05-23 11:44:15,15.9,6.4,20.9
2026-05-23 11:44:15,15.9,6.4,73.5
2026-05-23 11:44:17,79.0,6.4,73.5
2026-05-23 11:44:17,79.0,2.42,73.5
2026-05-23 11:44:17,79.0,2.42,24.7
2026-05-23 11:44:19,67.5,2.42,24.7
2026-05-23 11:44:19,67.5,4.92,24.7
2026-05-23 11:44:19,67.5,4.92,20.5
2026-05-23 11:44:21,35.4,4.92,20.5
2026-05-23 11:44:21,35.4,4.39,20.5
2026-05-23 11:44:21,35.4,4.39,76.0
2026-05-23 11:44:23,74.2,4.39,76.0
2026-05-23 11:44:23,74.2,2.72,76.0
2026-05-23 11:44:23,74.2,2.72,19.4
2026-05-23 11:44:26,79.5,2.72,19.4
2026-05-23 11:44:26,79.5,7.34,19.4
2026-05-23 11:44:26,79.5,7.34,59.2
2026-05-23 11:44:28,14.0,7.34,59.2
2026-05-23 11:44:28,14.0,3.01,59.2
2026-05-23 11:44:28,14.0,3.01,37.5
2026-05-23 11:44:30,10.6,3.01,37.5
2026-05-23 11:44:30,10.6,1.71,37.5
2026-05-23 11:44:30,10.6,1.71,54.7
2026-05-23 11:44:32,53.7,1.71,54.7
2026-05-23 11:44:32,53.7,3.59,54.7
2026-05-23 11:44:32,53.7,3.59,33.7
2026-05-23 11:44:34,31.3,3.59,33.7
2026-05-23 11:44:34,31.3,5.72,33.7
2026-05-23 11:44:34,31.3,5.72,23.6
2026-05-23 11:44:36,78.7,5.72,23.6
2026-05-23 11:44:36,78.7,3.46,23.6
2026-05-23 11:44:36,78.7,3.46,17.4
2026-05-23 11:44:38,58.0,3.46,17.4
2026-05-23 11:44:38,58.0,4.01,17.4
2026-05-23 11:44:38,58.0,4.01,63.5
2026-05-23 12:53:37,60.6,3.52,55.9
2026-05-23 12:53:39,18.3,3.52,55.9
2026-05-23 12:53:39,18.3,2.35,55.9
2026-05-23 12:53:39,18.3,2.35,27.1
2026-05-23 12:53:42,75.0,2.35,27.1
2026-05-23 12:53:42,75.0,1.05,27.1
2026-05-23 12:53:42,75.0,1.05,18.3
2026-05-23 12:53:44,51.6,1.05,18.3
2026-05-23 12:53:44,51.6,6.99,18.3
2026-05-23 12:53:44,51.6,6.99,51.3
2026-05-23 12:53:46,33.0,6.99,51.3
2026-05-23 12:53:46,33.0,7.08,51.3
2026-05-23 12:53:46,33.0,7.08,54.9
2026-05-23 12:53:48,47.0,7.08,54.9
2026-05-23 12:53:48,47.0,7.97,54.9
2026-05-23 12:53:48,47.0,7.97,23.8
2026-05-23 12:53:50,49.9,7.97,23.8
2026-05-23 12:53:50,49.9,5.18,23.8
2026-05-23 12:53:50,49.9,5.18,61.3
2026-05-23 12:53:52,72.4,5.18,61.3
2026-05-23 12:53:52,72.4,5.77,61.3
2026-05-23 12:53:52,72.4,5.77,54.7
2026-05-23 12:53:54,53.7,5.77,54.7
2026-05-23 12:53:54,53.7,1.48,54.7
2026-05-23 12:53:54,53.7,1.48,57.8
2026-05-23 12:53:56,58.5,1.48,57.8
2026-05-23 12:53:56,58.5,2.32,57.8
2026-05-23 12:53:56,58.5,2.32,67.8
2026-05-23 12:53:58,23.5,2.32,67.8
2026-05-23 12:53:58,23.5,1.77,67.8
2026-05-23 12:53:58,23.5,1.77,71.5
2026-05-23 12:54:00,11.3,1.77,71.5
2026-05-23 12:54:00,11.3,2.05,71.5
2026-05-23 12:54:00,11.3,2.05,25.3
2026-05-23 12:54:02,48.8,2.05,25.3
2026-05-23 12:54:02,48.8,1.39,25.3
2026-05-23 12:54:02,48.8,1.39,68.1
2026-05-23 12:54:04,26.0,1.39,68.1
2026-05-23 12:54:04,26.0,5.11,68.1
2026-05-23 12:54:04,26.0,5.11,67.6
2026-05-23 12:54:06,32.8,5.11,67.6
2026-05-23 12:54:06,32.8,3.76,67.6
2026-05-23 12:54:06,32.8,3.76,23.1
2026-05-23 12:54:08,56.1,3.76,23.1
2026-05-23 12:54:08,56.1,5.67,23.1
2026-05-23 12:54:08,56.1,5.67,30.5
2026-05-23 12:54:10,29.4,5.67,30.5
2026-05-23 12:54:10,29.4,1.89,30.5
2026-05-23 12:54:10,29.4,1.89,29.8
2026-05-23 12:54:12,29.5,1.89,29.8
2026-05-23 12:54:12,29.5,4.13,29.8
2026-05-23 12:54:12,29.5,4.13,63.0
2026-05-23 12:54:14,69.0,4.13,63.0
2026-05-23 12:54:14,69.0,6.7,63.0
2026-05-23 12:54:14,69.0,6.7,25.1
2026-05-23 12:54:16,70.9,6.7,25.1
2026-05-23 12:54:16,70.9,7.44,25.1
2026-05-23 12:54:16,70.9,7.44,37.0
2026-05-23 12:54:18,54.4,7.44,37.0
2026-05-23 12:54:18,54.4,5.42,37.0
2026-05-23 12:54:18,54.4,5.42,24.4
2026-05-23 12:54:20,51.3,5.42,24.4
2026-05-23 12:54:20,51.3,5.6,24.4
2026-05-23 12:54:20,51.3,5.6,67.1
2026-05-23 12:54:22,59.5,5.6,67.1
2026-05-23 12:54:22,59.5,4.7,67.1
2026-05-23 12:54:22,59.5,4.7,11.6
2026-05-23 12:54:24,72.3,4.7,11.6
2026-05-23 12:54:24,72.3,5.44,11.6
2026-05-23 12:54:24,72.3,5.44,52.2
2026-05-23 12:54:26,45.1,5.44,52.2
2026-05-23 12:54:26,45.1,1.6,52.2
2026-05-23 12:54:26,45.1,1.6,72.6
2026-05-23 12:54:28,64.2,1.6,72.6
2026-05-23 12:54:28,64.2,6.64,72.6
2026-05-23 12:54:28,64.2,6.64,56.1
2026-05-23 12:54:30,38.0,6.64,56.1
2026-05-23 12:54:30,38.0,3.77,56.1
2026-05-23 12:54:30,38.0,3.77,77.9
2026-05-23 12:54:32,51.1,3.77,77.9
2026-05-23 12:54:32,51.1,3.04,77.9
2026-05-23 12:54:32,51.1,3.04,36.0
2026-05-23 12:54:34,10.3,3.04,36.0
2026-05-23 12:54:34,10.3,3.35,36.0
2026-05-23 12:54:34,10.3,3.35,75.0
2026-05-23 12:54:36,20.8,3.35,75.0
2026-05-23 12:54:36,20.8,5.49,75.0
2026-05-23 12:54:36,20.8,5.49,54.1
2026-05-23 12:54:38,48.9,5.49,54.1
2026-05-23 12:54:38,48.9,2.49,54.1
2026-05-23 12:54:38,48.9,2.49,42.6
2026-05-23 12:54:40,44.4,2.49,42.6
2026-05-23 12:54:40,44.4,1.16,42.6
2026-05-23 12:54:40,44.4,1.16,39.7
2026-05-23 12:54:42,58.8,1.16,39.7
2026-05-23 12:54:42,58.8,5.63,39.7
2026-05-23 12:54:42,58.8,5.63,13.9
2026-05-23 12:54:44,55.2,5.63,13.9
2026-05-23 12:54:44,55.2,6.79,13.9
2026-05-23 12:54:44,55.2,6.79,28.2
2026-05-23 12:54:46,25.0,6.79,28.2
2026-05-23 12:54:46,25.0,1.07,28.2
2026-05-23 12:54:46,25.0,1.07,34.1
2026-05-23 12:54:48,68.1,1.07,34.1
2026-05-23 12:54:48,68.1,1.19,34.1
2026-05-23 12:54:48,68.1,1.19,67.3
2026-05-23 12:54:50,45.0,1.19,67.3
2026-05-23 12:54:50,45.0,5.15,67.3
2026-05-23 12:54:50,45.0,5.15,76.6
2026-05-23 12:54:52,72.8,5.15,76.6
2026-05-23 12:54:52,72.8,7.58,76.6
2026-05-23 12:54:52,72.8,7.58,68.7
2026-05-23 12:54:54,73.0,7.58,68.7
2026-05-23 12:54:54,73.0,2.69,68.7
2026-05-23 12:54:54,73.0,2.69,37.8
2026-05-23 12:54:56,24.4,2.69,37.8
2026-05-23 12:54:56,24.4,3.12,37.8
2026-05-23 12:54:56,24.4,3.12,57.1
2026-05-23 12:54:58,54.4,3.12,57.1
2026-05-23 12:54:58,54.4,5.46,57.1
2026-05-23 12:54:58,54.4,5.46,14.5
2026-05-23 12:55:00,37.9,5.46,14.5
2026-05-23 12:55:00,37.9,1.01,14.5
2026-05-23 12:55:00,37.9,1.01,44.0
2026-05-23 12:55:03,37.9,1.01,44.0
2026-05-23 12:55:03,37.9,3.05,44.0
2026-05-23 12:55:03,37.9,3.05,57.9
2026-05-23 12:55:05,20.5,3.05,57.9
2026-05-23 12:55:05,20.5,6.33,57.9
2026-05-23 12:55:05,20.5,6.33,41.8
2026-05-23 12:55:07,30.3,6.33,41.8
2026-05-23 12:55:07,30.3,1.94,41.8
2026-05-23 12:55:07,30.3,1.94,53.3
2026-05-23 12:55:09,58.4,1.94,53.3
2026-05-23 12:55:09,58.4,4.49,53.3
2026-05-23 12:55:09,58.4,4.49,58.2
2026-05-23 12:55:11,60.2,4.49,58.2
2026-05-23 12:55:11,60.2,2.98,58.2
2026-05-23 12:55:11,60.2,2.98,27.5
2026-05-23 12:55:13,25.4,2.98,27.5
2026-05-23 12:55:13,25.4,1.61,27.5
2026-05-23 12:55:13,25.4,1.61,74.1
2026-05-23 12:55:15,14.6,1.61,74.1
2026-05-23 12:55:15,14.6,5.4,74.1
2026-05-23 12:55:15,14.6,5.4,29.1
2026-05-23 12:55:17,18.5,5.4,29.1
2026-05-23 12:55:18,18.5,2.06,29.1
2026-05-23 12:55:18,18.5,2.06,13.3
2026-05-23 12:55:19,28.9,2.06,13.3
2026-05-23 12:55:20,28.9,7.91,13.3
2026-05-23 12:55:20,28.9,7.91,42.3
2026-05-23 12:55:22,57.4,7.91,42.3
2026-05-23 12:55:22,57.4,2.16,42.3
2026-05-23 12:55:22,57.4,2.16,28.8
2026-05-23 12:55:25,75.8,2.16,28.8
2026-05-23 12:55:25,75.8,6.19,28.8
2026-05-23 12:55:25,75.8,6.19,71.8
2026-05-23 12:55:27,17.1,6.19,71.8
2026-05-23 12:55:27,17.1,7.86,71.8
2026-05-23 12:55:27,17.1,7.86,40.1
2026-05-23 12:55:29,14.8,7.86,40.1
2026-05-23 12:55:29,14.8,3.91,40.1
2026-05-23 12:55:29,14.8,3.91,44.3
2026-05-23 12:55:31,49.6,3.91,44.3
2026-05-23 12:55:31,49.6,4.57,44.3
2026-05-23 12:55:31,49.6,4.57,59.6
2026-05-23 12:55:33,73.8,4.57,59.6
2026-05-23 12:55:33,73.8,6.43,59.6
2026-05-23 12:55:33,73.8,6.43,78.8
2026-05-23 12:55:35,57.5,6.43,78.8
2026-05-23 12:55:35,57.5,1.7,78.8
2026-05-23 12:55:35,57.5,1.7,55.2
2026-05-23 12:55:37,27.6,1.7,55.2
2026-05-23 12:55:37,27.6,2.48,55.2
2026-05-23 12:55:37,27.6,2.48,16.7
2026-05-23 12:55:39,29.6,2.48,16.7
2026-05-23 12:55:39,29.6,7.25,16.7
2026-05-23 12:55:39,29.6,7.25,32.2
2026-05-23 12:55:41,78.4,7.25,32.2
2026-05-23 12:55:42,78.4,3.88,32.2
2026-05-23 12:55:42,78.4,3.88,15.8
2026-05-23 12:55:44,13.1,3.88,15.8
2026-05-23 12:55:45,13.1,4.87,15.8
2026-05-23 12:55:47,13.1,4.87,53.0
2026-05-23 12:55:47,33.3,4.87,53.0
2026-05-23 12:55:48,33.3,5.96,53.0
2026-05-23 12:55:49,33.3,5.96,21.6
2026-05-23 12:55:50,47.1,5.96,21.6
2026-05-23 12:55:50,47.1,6.74,21.6
2026-05-23 12:55:51,47.1,6.74,22.1
2026-05-23 12:55:54,43.4,6.74,22.1
2026-05-23 12:55:56,43.4,3.08,22.1
2026-05-23 12:55:59,43.4,3.08,17.8
2026-05-23 12:55:59,39.5,3.08,17.8
2026-05-23 12:56:00,39.5,7.31,17.8
2026-05-23 12:56:00,39.5,7.31,40.3
2026-05-23 12:56:00,35.0,7.31,40.3
2026-05-23 12:56:00,35.0,3.22,40.3
2026-05-23 12:56:01,35.0,3.22,57.3
2026-05-23 12:56:02,50.2,3.22,57.3
2026-05-23 12:56:02,50.2,4.8,57.3
2026-05-23 12:56:03,50.2,4.8,31.4
2026-05-23 12:56:04,18.8,4.8,31.4
2026-05-23 12:56:05,18.8,6.35,31.4
2026-05-23 12:56:05,18.8,6.35,58.5
2026-05-23 12:56:06,26.8,6.35,58.5
2026-05-23 12:56:06,26.8,1.66,58.5
2026-05-23 12:56:07,26.8,1.66,43.5
2026-05-23 12:56:08,19.7,1.66,43.5
2026-05-23 12:56:09,19.7,4.2,43.5
2026-05-23 12:56:09,19.7,4.2,63.7
2026-05-23 12:56:11,51.8,4.2,63.7
2026-05-23 12:56:11,51.8,1.38,63.7
2026-05-23 12:56:12,51.8,1.38,35.1
2026-05-23 12:56:15,61.4,1.38,35.1
2026-05-23 12:56:16,61.4,5.75,35.1
2026-05-23 12:56:17,61.4,5.75,48.7
2026-05-23 12:56:17,23.4,5.75,48.7
2026-05-23 12:56:17,23.4,1.67,48.7
2026-05-23 12:56:17,23.4,1.67,17.1
2026-05-23 12:56:19,50.7,1.67,17.1
2026-05-23 12:56:19,50.7,4.61,17.1
2026-05-23 12:56:19,50.7,4.61,15.9
2026-05-23 12:56:21,37.6,4.61,15.9
2026-05-23 12:56:21,37.6,3.51,15.9
2026-05-23 12:56:21,37.6,3.51,45.2
2026-05-23 12:56:23,19.1,3.51,45.2
2026-05-23 12:56:23,19.1,2.09,45.2
2026-05-23 12:56:23,19.1,2.09,18.9
2026-05-23 12:56:25,56.4,2.09,18.9
2026-05-23 12:56:26,56.4,2.06,18.9
2026-05-23 12:56:26,56.4,2.06,30.8
2026-05-23 12:56:28,73.2,2.06,30.8
2026-05-23 12:56:28,73.2,5.4,30.8
2026-05-23 12:56:28,73.2,5.4,15.3
2026-05-23 12:56:31,16.0,5.4,15.3
2026-05-23 12:56:32,16.0,7.64,15.3
2026-05-23 12:56:33,16.0,7.64,15.6
2026-05-23 12:56:33,24.8,7.64,15.6
2026-05-23 12:56:33,24.8,2.48,15.6
2026-05-23 12:56:33,24.8,2.48,51.1
2026-05-23 12:56:35,10.3,2.48,51.1
2026-05-23 12:56:35,10.3,6.91,51.1
2026-05-23 12:56:35,10.3,6.91,56.8
2026-05-23 12:56:37,36.0,6.91,56.8
2026-05-23 12:56:37,36.0,4.57,56.8
2026-05-23 12:56:37,36.0,4.57,64.6
2026-05-23 12:56:39,19.0,4.57,64.6
2026-05-23 12:56:39,19.0,2.03,64.6
2026-05-23 12:56:39,19.0,2.03,61.0
2026-05-23 12:56:41,71.0,2.03,61.0
2026-05-23 12:56:41,71.0,6.29,61.0
2026-05-23 12:56:42,71.0,6.29,18.5
2026-05-23 12:56:43,58.1,6.29,18.5
2026-05-23 12:56:43,58.1,4.13,18.5
2026-05-23 12:56:43,58.1,4.13,66.2
2026-05-23 12:56:45,66.6,4.13,66.2
2026-05-23 12:56:45,66.6,6.3,66.2
2026-05-23 12:56:45,66.6,6.3,38.5
2026-05-23 12:56:47,67.8,6.3,38.5
2026-05-23 12:56:47,67.8,5.46,38.5
2026-05-23 12:56:48,67.8,5.46,62.5
2026-05-23 12:56:50,67.8,5.46,62.5
2026-05-23 12:56:50,67.8,5.46,62.5
2026-05-23 12:56:51,67.8,5.46,62.5
2026-05-23 12:56:52,20.6,5.46,62.5
2026-05-23 12:56:52,20.6,2.24,62.5
2026-05-23 12:56:52,20.6,2.24,56.6
2026-05-23 12:56:54,37.7,2.24,56.6
2026-05-23 12:56:54,37.7,3.17,56.6
2026-05-23 12:56:54,37.7,3.17,61.4
2026-05-23 12:56:56,47.5,3.17,61.4
2026-05-23 12:56:56,47.5,1.0,61.4
2026-05-23 12:56:56,47.5,1.0,30.8
2026-05-23 12:56:59,14.9,1.0,30.8
2026-05-23 12:56:59,14.9,1.42,30.8
2026-05-23 12:57:00,14.9,1.42,35.0
2026-05-23 12:57:02,74.8,1.42,35.0
2026-05-23 12:57:02,74.8,3.04,35.0
2026-05-23 12:57:03,74.8,3.04,24.7
2026-05-23 12:57:04,10.9,3.04,24.7
2026-05-23 12:57:04,10.9,6.18,24.7
2026-05-23 12:57:06,10.9,6.18,42.6
2026-05-23 12:57:14,56.1,6.18,42.6
2026-05-23 12:57:14,56.1,5.24,42.6
2026-05-23 12:57:15,56.1,5.24,26.8
2026-05-23 12:57:16,54.4,5.24,26.8
2026-05-23 12:57:16,54.4,1.9,26.8
2026-05-23 12:57:16,54.4,1.9,44.9
2026-05-23 12:57:18,29.8,1.9,44.9
2026-05-23 12:57:18,29.8,7.71,44.9
2026-05-23 12:57:18,29.8,7.71,24.7
2026-05-23 12:57:20,12.2,7.71,24.7
2026-05-23 12:57:20,12.2,6.23,24.7
2026-05-23 12:57:20,12.2,6.23,13.6
2026-05-23 12:57:22,64.5,6.23,13.6
2026-05-23 12:57:22,64.5,1.95,13.6
2026-05-23 12:57:22,64.5,1.95,45.3
2026-05-23 12:57:24,32.3,1.95,45.3
2026-05-23 12:57:24,32.3,3.81,45.3
2026-05-23 12:57:24,32.3,3.81,35.9
2026-05-23 12:57:26,72.0,3.81,35.9
2026-05-23 12:57:27,72.0,3.89,35.9
2026-05-23 12:57:27,72.0,3.89,49.7
2026-05-23 12:57:29,70.6,3.89,49.7
2026-05-23 12:57:29,70.6,5.17,49.7
2026-05-23 12:57:29,70.6,5.17,53.1
2026-05-23 12:57:31,72.6,5.17,53.1
2026-05-23 12:57:31,72.6,1.42,53.1
2026-05-23 12:57:31,72.6,1.42,14.0
2026-05-23 12:57:33,51.4,1.42,14.0
2026-05-23 12:57:33,51.4,6.67,14.0
2026-05-23 12:57:33,51.4,6.67,64.3
2026-05-23 12:57:35,33.4,6.67,64.3
2026-05-23 12:57:35,33.4,7.22,64.3
2026-05-23 12:57:35,33.4,7.22,65.0
2026-05-23 12:57:37,24.4,7.22,65.0
2026-05-23 12:57:37,24.4,3.82,65.0
2026-05-23 12:57:37,24.4,3.82,66.7
2026-05-23 12:57:39,34.6,3.82,66.7
2026-05-23 12:57:39,34.6,5.01,66.7
2026-05-23 12:57:39,34.6,5.01,64.5
2026-05-23 12:57:42,76.9,5.01,64.5
2026-05-23 12:57:42,76.9,5.16,64.5
2026-05-23 12:57:42,76.9,5.16,44.3
2026-05-23 12:57:44,63.3,5.16,44.3
2026-05-23 12:57:44,63.3,5.12,44.3
2026-05-23 12:57:44,63.3,5.12,50.1
2026-05-23 12:57:46,79.8,5.12,50.1
2026-05-23 12:57:46,79.8,7.07,50.1
2026-05-23 12:57:46,79.8,7.07,57.6
2026-05-23 12:57:48,37.9,7.07,57.6
2026-05-23 12:57:48,37.9,3.25,57.6
2026-05-23 12:57:48,37.9,3.25,49.0
2026-05-23 12:57:50,37.8,3.25,49.0
2026-05-23 12:57:50,37.8,4.14,49.0
2026-05-23 12:57:50,37.8,4.14,73.7
2026-05-23 12:57:52,60.3,4.14,73.7
2026-05-23 12:57:52,60.3,1.58,73.7
2026-05-23 12:57:52,60.3,1.58,62.4
2026-05-23 12:57:54,41.8,1.58,62.4
2026-05-23 12:57:54,41.8,7.7,62.4
2026-05-23 12:57:54,41.8,7.7,51.3
2026-05-23 12:57:56,63.2,7.7,51.3
2026-05-23 12:57:56,63.2,3.51,51.3
2026-05-23 12:57:56,63.2,3.51,26.2
2026-05-23 12:57:58,32.7,3.51,26.2
2026-05-23 12:57:58,32.7,4.29,26.2
2026-05-23 12:57:58,32.7,4.29,37.0
2026-05-23 12:58:00,15.2,4.29,37.0
2026-05-23 12:58:00,15.2,4.52,37.0
2026-05-23 12:58:00,15.2,4.52,45.8
2026-05-23 12:58:02,49.1,4.52,45.8
2026-05-23 12:58:03,49.1,7.63,45.8
2026-05-23 12:58:03,49.1,7.63,71.5
2026-05-23 12:58:04,38.9,7.63,71.5
2026-05-23 12:58:05,38.9,3.96,71.5
2026-05-23 12:58:05,38.9,3.96,44.1
2026-05-23 12:58:06,23.8,3.96,44.1
2026-05-23 12:58:07,23.8,4.78,44.1
2026-05-23 12:58:07,23.8,4.78,73.5
2026-05-23 12:58:09,13.0,4.78,73.5
2026-05-23 12:58:09,13.0,3.63,73.5
2026-05-23 12:58:09,13.0,3.63,24.7
2026-05-23 12:58:11,79.2,3.63,24.7
2026-05-23 12:58:11,79.2,3.42,24.7
2026-05-23 12:58:11,79.2,3.42,62.8
2026-05-23 12:58:13,62.1,3.42,62.8
2026-05-23 12:58:13,62.1,2.8,62.8
2026-05-23 12:58:13,62.1,2.8,10.8
2026-05-23 12:58:15,37.1,2.8,10.8
2026-05-23 12:58:15,37.1,3.28,10.8
2026-05-23 12:58:15,37.1,3.28,13.4
2026-05-23 12:58:17,56.6,3.28,13.4
2026-05-23 12:58:17,56.6,4.36,13.4
2026-05-23 12:58:17,56.6,4.36,73.8
2026-05-23 12:58:19,45.1,4.36,73.8
2026-05-23 12:58:19,45.1,7.51,73.8
2026-05-23 12:58:19,45.1,7.51,45.1
2026-05-23 12:58:21,46.2,7.51,45.1
2026-05-23 12:58:21,46.2,6.82,45.1
2026-05-23 12:58:21,46.2,6.82,55.2
2026-05-23 12:58:23,62.0,6.82,55.2
2026-05-23 12:58:23,62.0,4.85,55.2
2026-05-23 12:58:23,62.0,4.85,35.0
2026-05-23 12:58:26,30.7,4.85,35.0
2026-05-23 12:58:26,30.7,6.43,35.0
2026-05-23 12:58:26,30.7,6.43,52.1
2026-05-23 12:58:27,30.7,6.43,52.1
2026-05-23 12:58:27,30.7,6.43,52.1
2026-05-23 12:58:28,30.7,6.43,52.1
2026-05-23 12:58:29,20.6,6.43,52.1
2026-05-23 12:58:29,20.6,7.44,52.1
2026-05-23 12:58:30,20.6,7.44,12.6
2026-05-23 12:58:32,44.8,7.44,12.6
2026-05-23 12:58:32,44.8,1.84,12.6
2026-05-23 12:58:32,44.8,1.84,32.4
2026-05-23 12:58:34,11.0,1.84,32.4
2026-05-23 12:58:34,11.0,3.21,32.4
2026-05-23 12:58:34,11.0,3.21,39.5
2026-05-23 12:58:36,16.2,3.21,39.5
2026-05-23 12:58:36,16.2,2.06,39.5
2026-05-23 12:58:36,16.2,2.06,50.6
2026-05-23 12:58:41,13.1,2.06,50.6
2026-05-23 12:58:41,13.1,5.75,50.6
2026-05-23 12:58:41,13.1,5.75,33.6
2026-05-23 12:58:43,10.4,5.75,33.6
2026-05-23 12:58:44,10.4,6.5,33.6
2026-05-23 12:58:45,10.4,6.5,34.2
2026-05-23 12:58:45,14.4,6.5,34.2
2026-05-23 12:58:45,14.4,6.09,34.2
2026-05-23 12:58:46,14.4,6.09,68.7
2026-05-23 12:58:47,55.3,6.09,68.7
2026-05-23 12:58:47,55.3,1.53,68.7
2026-05-23 12:58:47,55.3,1.53,53.8
2026-05-23 12:58:50,16.7,1.53,53.8
2026-05-23 12:58:50,16.7,1.53,53.8
2026-05-23 12:58:51,16.7,1.53,44.2
2026-05-23 12:58:52,21.4,1.53,44.2
2026-05-23 12:58:53,21.4,3.09,44.2
2026-05-23 12:58:54,21.4,3.09,25.8
2026-05-23 12:58:56,70.6,3.09,25.8
2026-05-23 12:58:57,70.6,7.9,25.8
2026-05-23 12:58:58,70.6,7.9,30.3
2026-05-23 12:58:58,26.0,7.9,30.3
2026-05-23 12:58:58,26.0,1.59,30.3
2026-05-23 12:58:59,26.0,1.59,38.5
2026-05-23 12:59:00,41.0,1.59,38.5
2026-05-23 12:59:00,41.0,3.9,38.5
2026-05-23 12:59:01,41.0,3.9,26.3
2026-05-23 12:59:02,58.4,3.9,26.3
2026-05-23 12:59:02,58.4,2.1,26.3
2026-05-23 12:59:02,58.4,2.1,44.5
2026-05-23 12:59:04,10.6,2.1,44.5
2026-05-23 12:59:04,10.6,4.15,44.5
2026-05-23 12:59:05,10.6,4.15,52.8
2026-05-23 12:59:07,42.2,4.15,52.8
2026-05-23 12:59:07,42.2,3.5,52.8
2026-05-23 12:59:08,42.2,3.5,46.1
2026-05-23 12:59:09,59.4,3.5,46.1
2026-05-23 12:59:09,59.4,6.6,46.1
2026-05-23 12:59:09,59.4,6.6,28.8
2026-05-23 12:59:11,37.5,6.6,28.8
2026-05-23 12:59:11,37.5,1.24,28.8
2026-05-23 12:59:11,37.5,1.24,10.0
2026-05-23 12:59:13,78.9,1.24,10.0
2026-05-23 12:59:13,78.9,1.63,10.0
2026-05-23 12:59:13,78.9,1.63,44.6
2026-05-23 12:59:15,25.3,1.63,44.6
2026-05-23 12:59:15,25.3,7.71,44.6
2026-05-23 12:59:15,25.3,7.71,69.7
2026-05-23 12:59:18,26.9,7.71,69.7
2026-05-23 12:59:18,26.9,5.99,69.7
2026-05-23 12:59:18,26.9,5.99,15.5
2026-05-23 12:59:20,27.8,5.99,15.5
2026-05-23 12:59:20,27.8,4.62,15.5
2026-05-23 12:59:20,27.8,4.62,62.2
2026-05-23 12:59:23,79.0,4.62,62.2
2026-05-23 12:59:23,79.0,5.22,62.2
2026-05-23 12:59:23,79.0,5.22,51.9
2026-05-23 12:59:25,79.0,5.22,51.9
2026-05-23 12:59:25,79.0,5.22,51.9
2026-05-23 12:59:25,79.0,5.22,51.9
2026-05-23 12:59:27,40.8,5.22,51.9
2026-05-23 12:59:27,40.8,7.77,51.9
2026-05-23 12:59:27,40.8,7.77,18.2
2026-05-23 12:59:30,14.3,7.77,18.2
2026-05-23 12:59:30,14.3,3.59,18.2
2026-05-23 12:59:30,14.3,3.59,63.1
2026-05-23 12:59:33,56.7,3.59,63.1
2026-05-23 12:59:33,56.7,2.91,63.1
2026-05-23 12:59:35,56.7,2.91,39.5
2026-05-23 12:59:35,59.9,2.91,39.5
2026-05-23 12:59:36,59.9,4.49,39.5
2026-05-23 12:59:36,59.9,4.49,30.1
2026-05-23 12:59:41,44.2,4.49,30.1
2026-05-23 12:59:42,44.2,6.85,30.1
2026-05-23 12:59:44,44.2,6.85,46.8
2026-05-23 12:59:44,22.6,6.85,46.8
2026-05-23 12:59:44,22.6,1.17,46.8
2026-05-23 12:59:45,22.6,1.17,39.1
2026-05-23 12:59:46,54.1,1.17,39.1
2026-05-23 12:59:46,54.1,3.19,39.1
2026-05-23 12:59:47,54.1,3.19,74.0
2026-05-23 12:59:48,63.5,3.19,74.0
2026-05-23 12:59:48,63.5,3.6,74.0
2026-05-23 12:59:48,63.5,3.6,66.7
2026-05-23 12:59:50,13.7,3.6,66.7
2026-05-23 12:59:50,13.7,5.98,66.7
2026-05-23 12:59:51,13.7,5.98,70.3
2026-05-23 12:59:52,13.4,5.98,70.3
2026-05-23 12:59:52,13.4,5.93,70.3
2026-05-23 12:59:53,13.4,5.93,33.8
2026-05-23 12:59:54,39.8,5.93,33.8
2026-05-23 12:59:54,39.8,4.55,33.8
2026-05-23 12:59:54,39.8,4.55,30.6
2026-05-23 12:59:57,60.0,4.55,30.6
2026-05-23 12:59:57,60.0,3.8,30.6
2026-05-23 12:59:57,60.0,3.8,18.1
2026-05-23 12:59:59,47.0,3.8,18.1
2026-05-23 12:59:59,47.0,2.76,18.1
2026-05-23 13:00:00,47.0,2.76,20.0
2026-05-23 13:00:01,16.7,2.76,20.0
2026-05-23 13:00:01,16.7,7.74,20.0
2026-05-23 13:00:01,16.7,7.74,54.6
2026-05-23 13:00:03,25.4,7.74,54.6
2026-05-23 13:00:03,25.4,3.77,54.6
2026-05-23 13:00:03,25.4,3.77,14.7
2026-05-23 13:00:05,27.9,3.77,14.7
2026-05-23 13:00:05,27.9,1.49,14.7
2026-05-23 13:00:05,27.9,1.49,42.7
2026-05-23 13:00:07,45.1,1.49,42.7
2026-05-23 13:00:07,45.1,4.24,42.7
2026-05-23 13:00:07,45.1,4.24,53.3
2026-05-23 13:00:09,22.4,4.24,53.3
2026-05-23 13:00:10,22.4,5.71,53.3
2026-05-23 13:00:10,22.4,5.71,21.7
2026-05-23 13:00:12,36.2,5.71,21.7
2026-05-23 13:00:12,36.2,4.88,21.7
2026-05-23 13:00:12,36.2,4.88,29.2
2026-05-23 13:00:14,36.2,4.88,29.2
2026-05-23 13:00:14,36.2,4.88,29.2
2026-05-23 13:00:14,36.2,4.88,29.2
2026-05-23 13:00:17,22.7,4.88,29.2
2026-05-23 13:00:18,22.7,5.19,29.2
2026-05-23 13:00:18,22.7,5.19,37.7
2026-05-23 13:00:31,63.1,5.19,37.7
2026-05-23 13:00:32,63.1,6.71,37.7
2026-05-23 13:00:32,63.1,6.71,14.6
2026-05-23 13:00:33,34.1,6.71,14.6
2026-05-23 13:00:33,34.1,7.24,14.6
2026-05-23 13:00:33,34.1,7.24,16.1
2026-05-23 13:00:33,30.6,7.24,16.1
2026-05-23 13:00:33,30.6,7.19,16.1
2026-05-23 13:00:34,30.6,7.19,68.1
2026-05-23 13:00:35,30.0,7.19,68.1
2026-05-23 13:00:36,30.0,4.0,68.1
2026-05-23 13:00:36,30.0,4.0,52.1
2026-05-23 13:00:38,10.6,4.0,52.1
2026-05-23 13:00:38,10.6,6.28,52.1
2026-05-23 13:00:54,10.6,6.28,26.0
2026-05-23 13:00:55,64.6,6.28,26.0
2026-05-23 13:00:58,64.6,6.92,26.0
2026-05-23 13:00:59,64.6,6.92,34.8
2026-05-23 13:01:00,64.6,6.92,34.8
2026-05-23 13:01:00,64.6,6.92,34.8
2026-05-23 13:01:01,64.6,6.92,34.8
2026-05-23 13:01:04,60.4,6.92,34.8
2026-05-23 13:01:05,60.4,2.4,34.8
2026-05-23 13:01:06,60.4,2.4,58.0
2026-05-23 13:01:06,37.3,2.4,58.0
2026-05-23 13:01:07,37.3,4.28,58.0
2026-05-23 13:01:07,37.3,4.28,12.5
2026-05-23 13:01:08,76.4,4.28,12.5
2026-05-23 13:01:08,76.4,7.77,12.5
2026-05-23 13:01:08,76.4,7.77,78.9
2026-05-23 13:01:08,40.4,7.77,78.9
2026-05-23 13:01:09,40.4,7.97,78.9
2026-05-23 13:01:09,40.4,7.97,57.5
2026-05-23 13:01:09,42.4,7.97,57.5
2026-05-23 13:01:09,42.4,5.32,57.5
2026-05-23 13:01:09,42.4,5.32,28.0
2026-05-23 13:01:10,71.7,5.32,28.0
2026-05-23 13:01:12,71.7,2.57,28.0
2026-05-23 13:01:13,71.7,2.57,74.7
2026-05-23 13:01:13,36.1,2.57,74.7
2026-05-23 13:01:13,36.1,2.03,74.7
2026-05-23 13:01:13,36.1,2.03,75.6
2026-05-23 13:01:13,15.3,2.03,75.6
2026-05-23 13:01:14,15.3,5.09,75.6
2026-05-23 13:01:14,15.3,5.09,59.6
2026-05-23 13:01:17,35.2,5.09,59.6
2026-05-23 13:01:17,35.2,6.44,59.6
2026-05-23 13:01:18,35.2,6.44,48.9
2026-05-23 13:01:18,63.3,6.44,48.9
2026-05-23 13:01:18,63.3,6.76,48.9
2026-05-23 13:01:18,63.3,6.76,13.9
2026-05-23 13:01:21,25.7,6.76,13.9
2026-05-23 13:01:22,25.7,5.56,13.9
2026-05-23 13:01:22,25.7,5.56,69.7
2026-05-23 13:01:23,13.6,5.56,69.7
2026-05-23 13:01:24,13.6,6.38,69.7
2026-05-23 13:01:24,13.6,6.38,19.9
2026-05-23 13:01:25,67.3,6.38,19.9
2026-05-23 13:01:25,67.3,1.34,19.9
2026-05-23 13:01:26,67.3,1.34,28.0
2026-05-23 13:01:30,36.4,1.34,28.0
2026-05-23 13:01:31,36.4,3.1,28.0
2026-05-23 13:01:31,36.4,3.1,37.0
2026-05-23 13:01:32,66.0,3.1,37.0
2026-05-23 13:01:32,66.0,3.18,37.0
2026-05-23 13:01:32,66.0,3.18,10.9
2026-05-23 13:01:34,79.7,3.18,10.9
2026-05-23 13:01:34,79.7,7.93,10.9
2026-05-23 13:01:34,79.7,7.93,24.3
2026-05-23 13:01:36,39.8,7.93,24.3
2026-05-23 13:01:36,39.8,5.38,24.3
2026-05-23 13:01:36,39.8,5.38,13.7
2026-05-23 13:01:38,68.9,5.38,13.7
2026-05-23 13:01:38,68.9,4.7,13.7
2026-05-23 13:01:38,68.9,4.7,40.1
2026-05-23 13:01:40,24.8,4.7,40.1
2026-05-23 13:01:40,24.8,5.9,40.1
2026-05-23 13:01:40,24.8,5.9,62.8
2026-05-23 13:01:42,79.4,5.9,62.8
2026-05-23 13:01:42,79.4,2.49,62.8
2026-05-23 13:01:42,79.4,2.49,23.6
2026-05-23 13:01:44,20.4,2.49,23.6
2026-05-23 13:01:44,20.4,7.65,23.6
2026-05-23 13:01:44,20.4,7.65,41.6
2026-05-23 13:01:49,54.8,7.65,41.6
2026-05-23 13:01:50,54.8,7.03,41.6
2026-05-23 13:01:51,54.8,7.03,14.9
2026-05-23 13:01:53,12.2,7.03,14.9
2026-05-23 13:01:53,12.2,5.23,14.9
2026-05-23 13:01:54,12.2,5.23,36.8
2026-05-23 13:01:55,53.8,5.23,36.8
2026-05-23 13:01:55,53.8,5.23,36.8
2026-05-23 13:01:56,53.8,5.23,37.4
2026-05-23 13:01:57,12.6,5.23,37.4
2026-05-23 13:01:58,12.6,2.97,37.4
2026-05-23 13:01:59,12.6,2.97,14.1
2026-05-23 13:02:00,49.2,2.97,14.1
2026-05-23 13:02:00,49.2,1.11,14.1
2026-05-23 13:02:01,49.2,1.11,61.8
2026-05-23 13:02:02,32.8,1.11,61.8
2026-05-23 13:02:02,32.8,3.45,61.8
2026-05-23 13:02:03,32.8,3.45,12.7
2026-05-23 13:02:03,39.5,3.45,12.7
2026-05-23 13:02:03,39.5,7.95,12.7
2026-05-23 13:02:04,39.5,7.95,37.7
2026-05-23 13:02:05,79.1,7.95,37.7
2026-05-23 13:02:05,79.1,1.87,37.7
2026-05-23 13:02:06,79.1,1.87,28.3
2026-05-23 13:02:07,11.3,1.87,28.3
2026-05-23 13:02:07,11.3,3.97,28.3
2026-05-23 13:02:08,11.3,3.97,45.4
2026-05-23 13:02:10,39.6,3.97,45.4
2026-05-23 13:02:10,39.6,7.3,45.4
2026-05-23 13:02:11,39.6,7.3,50.8
2026-05-23 13:02:12,72.4,7.3,50.8
2026-05-23 13:02:12,72.4,2.37,50.8
2026-05-23 13:02:12,72.4,2.37,49.1
2026-05-23 13:02:14,67.9,2.37,49.1
2026-05-23 13:02:14,67.9,6.09,49.1
2026-05-23 13:02:14,67.9,6.09,40.1
2026-05-23 13:02:16,77.1,6.09,40.1
2026-05-23 13:02:16,77.1,7.62,40.1
2026-05-23 13:02:16,77.1,7.62,24.7
2026-05-23 13:02:19,65.3,7.62,24.7
2026-05-23 13:02:22,65.3,7.96,24.7
2026-05-23 13:02:22,65.3,7.96,78.2
2026-05-23 13:02:22,18.8,7.96,78.2
2026-05-23 13:02:22,18.8,4.07,78.2
2026-05-23 13:02:22,18.8,4.07,11.8
2026-05-23 13:02:24,28.1,4.07,11.8
2026-05-23 13:02:24,28.1,1.03,11.8
2026-05-23 13:02:24,28.1,1.03,46.8
2026-05-23 13:02:26,44.2,1.03,46.8
2026-05-23 13:02:26,44.2,1.62,46.8
2026-05-23 13:02:26,44.2,1.62,56.9
2026-05-23 13:02:28,16.4,1.62,56.9
2026-05-23 13:02:28,16.4,6.4,56.9
2026-05-23 13:02:28,16.4,6.4,66.4
2026-05-23 13:02:30,75.4,6.4,66.4
2026-05-23 13:02:30,75.4,3.64,66.4
2026-05-23 13:02:30,75.4,3.64,61.3
2026-05-23 13:02:32,69.2,3.64,61.3
2026-05-23 13:02:33,69.2,3.27,61.3
2026-05-23 13:02:34,69.2,3.27,16.1
2026-05-23 13:02:35,13.2,3.27,16.1
2026-05-23 13:02:36,13.2,4.08,16.1
2026-05-23 13:02:36,13.2,4.08,70.5
2026-05-23 13:02:37,43.6,4.08,70.5
2026-05-23 13:02:37,43.6,2.2,70.5
2026-05-23 13:02:37,43.6,2.2,58.4
2026-05-23 13:02:39,38.8,2.2,58.4
2026-05-23 13:02:39,38.8,6.8,58.4
2026-05-23 13:02:39,38.8,6.8,56.1
2026-05-23 13:02:41,16.1,6.8,56.1
2026-05-23 13:02:42,16.1,5.03,56.1
2026-05-23 13:02:42,16.1,5.03,71.3
2026-05-23 13:02:43,16.1,5.03,71.3
2026-05-23 13:02:43,16.1,5.03,71.3
2026-05-23 13:02:43,16.1,5.03,71.3
2026-05-23 13:02:46,10.0,5.03,71.3
2026-05-23 13:02:47,10.0,1.91,71.3
2026-05-23 13:02:47,10.0,1.91,77.1
2026-05-23 13:02:48,36.1,1.91,77.1
2026-05-23 13:02:48,36.1,7.38,77.1
2026-05-23 13:02:48,36.1,7.38,33.1
2026-05-23 13:02:50,75.7,7.38,33.1
2026-05-23 13:02:50,75.7,2.09,33.1
2026-05-23 13:02:50,75.7,2.09,56.8
2026-05-23 13:02:52,33.2,2.09,56.8
2026-05-23 13:02:52,33.2,1.66,56.8
2026-05-23 13:02:52,33.2,1.66,11.6
2026-05-23 13:02:54,54.0,1.66,11.6
2026-05-23 13:02:54,54.0,5.24,11.6
2026-05-23 13:02:55,54.0,5.24,65.1
2026-05-23 13:02:56,25.5,5.24,65.1
2026-05-23 13:02:56,25.5,1.49,65.1
2026-05-23 13:02:57,25.5,1.49,44.3
2026-05-23 13:02:59,62.0,1.49,44.3
2026-05-23 13:03:02,62.0,5.37,44.3
2026-05-23 13:03:02,62.0,5.37,58.9
2026-05-23 13:03:02,50.3,5.37,58.9
2026-05-23 13:03:03,50.3,5.88,58.9
2026-05-23 13:03:03,50.3,5.88,78.5
2026-05-23 13:03:04,49.1,5.88,78.5
2026-05-23 13:03:04,49.1,6.21,78.5
2026-05-23 13:03:04,49.1,6.21,21.7
2026-05-23 13:03:06,49.1,6.21,21.7
2026-05-23 13:03:06,49.1,6.38,21.7
2026-05-23 13:03:06,49.1,6.38,54.6
2026-05-23 13:03:09,48.3,6.38,54.6
2026-05-23 13:03:09,48.3,5.98,54.6
2026-05-23 13:03:09,48.3,5.98,51.8
2026-05-23 13:03:11,39.1,5.98,51.8
2026-05-23 13:03:11,39.1,1.05,51.8
2026-05-23 13:03:11,39.1,1.05,48.9
2026-05-23 13:03:13,58.5,1.05,48.9
2026-05-23 13:03:13,58.5,7.25,48.9
2026-05-23 13:03:13,58.5,7.25,20.2
2026-05-23 13:03:15,24.8,7.25,20.2
2026-05-23 13:03:15,24.8,7.39,20.2
2026-05-23 13:03:15,24.8,7.39,74.8
2026-05-23 13:03:17,64.0,7.39,74.8
2026-05-23 13:03:17,64.0,5.32,74.8
2026-05-23 13:03:17,64.0,5.32,41.0
2026-05-23 13:03:19,30.3,5.32,41.0
2026-05-23 13:03:19,30.3,1.12,41.0
2026-05-23 13:03:19,30.3,1.12,30.8
2026-05-23 13:03:21,59.0,1.12,30.8
2026-05-23 13:03:21,59.0,6.0,30.8
2026-05-23 13:03:21,59.0,6.0,64.3
2026-05-23 13:03:23,32.7,6.0,64.3
2026-05-23 13:03:23,32.7,5.17,64.3
2026-05-23 13:03:23,32.7,5.17,32.5
2026-05-23 13:03:25,56.3,5.17,32.5
2026-05-23 13:03:25,56.3,6.95,32.5
2026-05-23 13:03:25,56.3,6.95,18.4
2026-05-23 13:03:27,58.5,6.95,18.4
2026-05-23 13:03:27,58.5,7.71,18.4
2026-05-23 13:03:27,58.5,7.71,16.1
2026-05-23 13:03:29,67.7,7.71,16.1
2026-05-23 13:03:29,67.7,7.95,16.1
2026-05-23 13:03:29,67.7,7.95,38.3
2026-05-23 13:03:31,67.7,7.95,38.3
2026-05-23 13:03:31,67.7,7.71,38.3
2026-05-23 13:03:31,67.7,7.71,62.2
2026-05-23 13:03:33,65.4,7.71,62.2
2026-05-23 13:03:33,65.4,1.47,62.2
2026-05-23 13:03:33,65.4,1.47,46.1
2026-05-23 13:03:35,16.0,1.47,46.1
2026-05-23 13:03:35,16.0,1.88,46.1
2026-05-23 13:03:35,16.0,1.88,62.4
2026-05-23 13:03:37,75.7,1.88,62.4
2026-05-23 13:03:37,75.7,5.53,62.4
2026-05-23 13:03:37,75.7,5.53,35.1
2026-05-23 13:03:39,57.2,5.53,35.1
2026-05-23 13:03:39,57.2,6.66,35.1
2026-05-23 13:03:39,57.2,6.66,35.6
2026-05-23 13:03:41,18.2,6.66,35.6
2026-05-23 13:03:41,18.2,3.22,35.6
2026-05-23 13:03:41,18.2,3.22,22.4
2026-05-23 13:03:43,20.7,3.22,22.4
2026-05-23 13:03:43,20.7,2.57,22.4
2026-05-23 13:03:43,20.7,2.57,49.6
2026-05-23 13:03:45,38.4,2.57,49.6
2026-05-23 13:03:45,38.4,6.57,49.6
2026-05-23 13:03:45,38.4,6.57,12.5
2026-05-23 13:03:47,65.8,6.57,12.5
2026-05-23 13:03:47,65.8,7.55,12.5
2026-05-23 13:03:47,65.8,7.55,51.4
2026-05-23 13:03:49,30.5,7.55,51.4
2026-05-23 13:03:49,30.5,4.84,51.4
2026-05-23 13:03:49,30.5,4.84,74.2
2026-05-23 13:03:51,74.0,4.84,74.2
2026-05-23 13:03:51,74.0,6.68,74.2
2026-05-23 13:03:51,74.0,6.68,54.3
2026-05-23 13:03:53,74.1,6.68,54.3
2026-05-23 13:03:53,74.1,4.59,54.3
2026-05-23 13:03:53,74.1,4.59,29.5
2026-05-23 13:03:55,75.3,4.59,29.5
2026-05-23 13:03:55,75.3,7.69,29.5
2026-05-23 13:03:55,75.3,7.69,15.5
2026-05-23 13:03:57,13.7,7.69,15.5
2026-05-23 13:03:57,13.7,7.33,15.5
2026-05-23 13:03:57,13.7,7.33,36.9
2026-05-23 13:03:59,13.1,7.33,36.9
2026-05-23 13:03:59,13.1,3.98,36.9
2026-05-23 13:03:59,13.1,3.98,69.5
2026-05-23 13:04:01,39.5,3.98,69.5
2026-05-23 13:04:01,39.5,7.38,69.5
2026-05-23 13:04:01,39.5,7.38,66.7
2026-05-23 13:04:03,23.6,7.38,66.7
2026-05-23 13:04:03,23.6,1.0,66.7
2026-05-23 13:04:03,23.6,1.0,39.3
2026-05-23 13:04:05,56.3,1.0,39.3
2026-05-23 13:04:05,56.3,3.55,39.3
2026-05-23 13:04:05,56.3,3.55,67.7
2026-05-23 13:04:07,10.8,3.55,67.7
2026-05-23 13:04:07,10.8,6.1,67.7
2026-05-23 13:04:07,10.8,6.1,50.9
2026-05-23 13:04:09,53.4,6.1,50.9
2026-05-23 13:04:09,53.4,1.6,50.9
2026-05-23 13:04:09,53.4,1.6,27.6
2026-05-23 13:04:11,56.1,1.6,27.6
2026-05-23 13:04:11,56.1,3.08,27.6
2026-05-23 13:04:11,56.1,3.08,19.3
2026-05-23 13:04:13,64.8,3.08,19.3
2026-05-23 13:04:13,64.8,4.29,19.3
2026-05-23 13:04:13,64.8,4.29,66.1
2026-05-23 13:04:15,37.3,4.29,66.1
2026-05-23 13:04:15,37.3,7.17,66.1
2026-05-23 13:04:15,37.3,7.17,44.0
2026-05-23 13:04:17,35.3,7.17,44.0
2026-05-23 13:04:17,35.3,5.43,44.0
2026-05-23 13:04:17,35.3,5.43,14.1
2026-05-23 13:04:19,59.8,5.43,14.1
2026-05-23 13:04:19,59.8,4.65,14.1
2026-05-23 13:04:19,59.8,4.65,53.9
2026-05-23 13:04:21,37.4,4.65,53.9
2026-05-23 13:04:21,37.4,7.47,53.9
2026-05-23 13:04:21,37.4,7.47,21.3
2026-05-23 13:04:23,48.5,7.47,21.3
2026-05-23 13:04:23,48.5,5.05,21.3
2026-05-23 13:04:23,48.5,5.05,11.5
2026-05-23 13:04:25,28.1,5.05,11.5
2026-05-23 13:04:25,28.1,3.59,11.5
2026-05-23 13:04:25,28.1,3.59,17.7
2026-05-23 13:04:27,40.7,3.59,17.7
2026-05-23 13:04:27,40.7,7.73,17.7
2026-05-23 13:04:27,40.7,7.73,27.7
2026-05-23 13:04:29,17.2,7.73,27.7
2026-05-23 13:04:29,17.2,3.85,27.7
2026-05-23 13:04:29,17.2,3.85,63.4
2026-05-23 13:04:31,27.9,3.85,63.4
2026-05-23 13:04:31,27.9,5.51,63.4
2026-05-23 13:04:31,27.9,5.51,15.9
2026-05-23 13:04:33,33.7,5.51,15.9
2026-05-23 13:04:33,33.7,6.91,15.9
2026-05-23 13:04:33,33.7,6.91,15.5
2026-05-23 13:04:35,50.3,6.91,15.5
2026-05-23 13:04:35,50.3,5.04,15.5
2026-05-23 13:04:35,50.3,5.04,13.4
2026-05-23 13:04:37,57.7,5.04,13.4
2026-05-23 13:04:37,57.7,6.08,13.4
2026-05-23 13:04:37,57.7,6.08,70.3
2026-05-23 13:04:39,61.1,6.08,70.3
2026-05-23 13:04:39,61.1,1.17,70.3
2026-05-23 13:04:39,61.1,1.17,40.7
2026-05-23 13:04:41,37.4,1.17,40.7
2026-05-23 13:04:41,37.4,4.02,40.7
2026-05-23 13:04:41,37.4,4.02,24.9
2026-05-23 13:04:43,60.9,4.02,24.9
2026-05-23 13:04:43,60.9,5.03,24.9
2026-05-23 13:04:43,60.9,5.03,16.2
2026-05-23 13:04:45,64.6,5.03,16.2
2026-05-23 13:04:45,64.6,2.5,16.2
2026-05-23 13:04:45,64.6,2.5,39.6
2026-05-23 13:04:47,50.5,2.5,39.6
2026-05-23 13:04:47,50.5,7.05,39.6
2026-05-23 13:04:47,50.5,7.05,66.3
2026-05-23 13:04:49,34.0,7.05,66.3
2026-05-23 13:04:49,34.0,1.88,66.3
2026-05-23 13:04:49,34.0,1.88,10.7
2026-05-23 13:04:51,64.8,1.88,10.7
2026-05-23 13:04:51,64.8,4.2,10.7
2026-05-23 13:04:51,64.8,4.2,66.9
2026-05-23 13:04:53,28.3,4.2,66.9
2026-05-23 13:04:53,28.3,5.88,66.9
2026-05-23 13:04:53,28.3,5.88,28.3
2026-05-23 13:04:55,70.9,5.88,28.3
2026-05-23 13:04:55,70.9,6.17,28.3
2026-05-23 13:04:55,70.9,6.17,42.4
2026-05-23 13:04:57,66.1,6.17,42.4
2026-05-23 13:04:57,66.1,1.91,42.4
2026-05-23 13:04:57,66.1,1.91,10.9
2026-05-23 13:04:59,37.1,1.91,10.9
2026-05-23 13:04:59,37.1,2.96,10.9
2026-05-23 13:04:59,37.1,2.96,26.2
2026-05-23 13:05:01,60.3,2.96,26.2
2026-05-23 13:05:01,60.3,7.37,26.2
2026-05-23 13:05:01,60.3,7.37,62.5
2026-05-23 13:05:03,27.4,7.37,62.5
2026-05-23 13:05:03,27.4,4.9,62.5
2026-05-23 13:05:03,27.4,4.9,64.1
2026-05-23 13:05:05,19.3,4.9,64.1
2026-05-23 13:05:05,19.3,6.13,64.1
2026-05-23 13:05:05,19.3,6.13,78.3
2026-05-23 13:05:07,23.1,6.13,78.3
2026-05-23 13:05:07,23.1,5.97,78.3
2026-05-23 13:05:07,23.1,5.97,61.9
2026-05-23 13:05:09,13.7,5.97,61.9
2026-05-23 13:05:09,13.7,4.33,61.9
2026-05-23 13:05:09,13.7,4.33,36.4
2026-05-23 13:05:11,78.1,4.33,36.4
2026-05-23 13:05:11,78.1,5.6,36.4
2026-05-23 13:05:11,78.1,5.6,23.8
2026-05-23 13:05:13,29.0,5.6,23.8
2026-05-23 13:05:13,29.0,3.65,23.8
2026-05-23 13:05:13,29.0,3.65,22.7
2026-05-23 13:05:15,65.6,3.65,22.7
2026-05-23 13:05:15,65.6,5.1,22.7
2026-05-23 13:05:15,65.6,5.1,78.8
2026-05-23 13:05:17,56.7,5.1,78.8
2026-05-23 13:05:17,56.7,6.33,78.8
2026-05-23 13:05:17,56.7,6.33,49.7
2026-05-23 13:05:19,18.7,6.33,49.7
2026-05-23 13:05:19,18.7,4.32,49.7
2026-05-23 13:05:19,18.7,4.32,54.5
2026-05-23 13:05:21,65.1,4.32,54.5
2026-05-23 13:05:21,65.1,2.01,54.5
2026-05-23 13:05:21,65.1,2.01,11.4
2026-05-23 13:05:24,65.1,2.01,11.4
2026-05-23 13:05:24,65.1,2.01,11.4
2026-05-23 13:05:24,65.1,2.01,11.4
2026-05-23 13:05:26,61.1,2.01,11.4
2026-05-23 13:05:26,61.1,3.62,11.4
2026-05-23 13:05:26,61.1,3.62,59.4
2026-05-23 13:05:28,65.8,3.62,59.4
2026-05-23 13:05:28,65.8,2.7,59.4
2026-05-23 13:05:28,65.8,2.7,42.4
2026-05-23 13:05:30,35.6,2.7,42.4
2026-05-23 13:05:30,35.6,2.31,42.4
2026-05-23 13:05:30,35.6,2.31,43.4
2026-05-23 13:05:32,58.1,2.31,43.4
2026-05-23 13:05:32,58.1,3.93,43.4
2026-05-23 13:05:32,58.1,3.93,76.3
2026-05-23 13:05:34,44.9,3.93,76.3
2026-05-23 13:05:34,44.9,3.85,76.3
2026-05-23 13:05:34,44.9,3.85,13.5
2026-05-23 13:05:36,60.4,3.85,13.5
2026-05-23 13:05:36,60.4,2.85,13.5
2026-05-23 13:05:36,60.4,2.85,59.7
2026-05-23 13:05:38,27.1,2.85,59.7
2026-05-23 13:05:38,27.1,4.66,59.7
2026-05-23 13:05:38,27.1,4.66,69.5
2026-05-23 13:05:40,10.4,4.66,69.5
2026-05-23 13:05:40,10.4,4.15,69.5
2026-05-23 13:05:40,10.4,4.15,23.1
2026-05-23 13:05:42,20.8,4.15,23.1
2026-05-23 13:05:42,20.8,3.29,23.1
2026-05-23 13:05:42,20.8,3.29,60.3
2026-05-23 13:05:44,34.9,3.29,60.3
2026-05-23 13:05:44,34.9,5.6,60.3
2026-05-23 13:05:44,34.9,5.6,64.3
2026-05-23 13:05:46,46.6,5.6,64.3
2026-05-23 13:05:46,46.6,4.83,64.3
2026-05-23 13:05:46,46.6,4.83,69.8
2026-05-23 13:05:48,66.2,4.83,69.8
2026-05-23 13:05:48,66.2,5.57,69.8
2026-05-23 13:05:48,66.2,5.57,15.3
2026-05-23 13:05:50,23.9,5.57,15.3
2026-05-23 13:05:50,23.9,7.24,15.3
2026-05-23 13:05:50,23.9,7.24,71.7
2026-05-23 13:05:52,74.8,7.24,71.7
2026-05-23 13:05:52,74.8,3.55,71.7
2026-05-23 13:05:52,74.8,3.55,20.0
2026-05-23 13:05:54,62.3,3.55,20.0
2026-05-23 13:05:54,62.3,6.11,20.0
2026-05-23 13:05:54,62.3,6.11,43.3
2026-05-23 13:05:56,78.3,6.11,43.3
2026-05-23 13:05:56,78.3,6.43,43.3
2026-05-23 13:05:56,78.3,6.43,40.2
2026-05-23 13:05:58,33.2,6.43,40.2
2026-05-23 13:05:58,33.2,2.72,40.2
2026-05-23 13:05:58,33.2,2.72,23.2
2026-05-23 13:06:00,41.2,2.72,23.2
2026-05-23 13:06:00,41.2,5.47,23.2
2026-05-23 13:06:00,41.2,5.47,69.6
2026-05-23 13:06:02,56.2,5.47,69.6
2026-05-23 13:06:02,56.2,4.93,69.6
2026-05-23 13:06:02,56.2,4.93,68.5
2026-05-23 13:06:04,14.7,4.93,68.5
2026-05-23 13:06:04,14.7,1.82,68.5
2026-05-23 13:06:04,14.7,1.82,41.4
2026-05-23 13:06:06,64.8,1.82,41.4
2026-05-23 13:06:06,64.8,2.33,41.4
2026-05-23 13:06:06,64.8,2.33,58.9
2026-05-23 13:06:08,29.2,2.33,58.9
2026-05-23 13:06:08,29.2,5.27,58.9
2026-05-23 13:06:08,29.2,5.27,43.7
2026-05-23 13:06:10,78.1,5.27,43.7
2026-05-23 13:06:10,78.1,4.13,43.7
2026-05-23 13:06:10,78.1,4.13,76.7
2026-05-23 13:06:12,30.0,4.13,76.7
2026-05-23 13:06:12,30.0,7.39,76.7
2026-05-23 13:06:12,30.0,7.39,43.7
2026-05-23 13:06:14,44.5,7.39,43.7
2026-05-23 13:06:14,44.5,7.19,43.7
2026-05-23 13:06:14,44.5,7.19,76.3
2026-05-23 13:06:16,69.6,7.19,76.3
2026-05-23 13:06:16,69.6,4.35,76.3
2026-05-23 13:06:16,69.6,4.35,33.2
2026-05-23 13:06:18,19.6,4.35,33.2
2026-05-23 13:06:18,19.6,1.77,33.2
2026-05-23 13:06:18,19.6,1.77,40.5
2026-05-23 13:06:20,30.2,1.77,40.5
2026-05-23 13:06:20,30.2,6.94,40.5
2026-05-23 13:06:20,30.2,6.94,37.5
2026-05-23 13:06:22,49.3,6.94,37.5
2026-05-23 13:06:22,49.3,3.49,37.5
2026-05-23 13:06:22,49.3,3.49,16.2
2026-05-23 13:06:24,29.7,3.49,16.2
2026-05-23 13:06:24,29.7,1.83,16.2
2026-05-23 13:06:24,29.7,1.83,55.2
2026-05-23 13:06:26,18.8,1.83,55.2
2026-05-23 13:06:26,18.8,6.39,55.2
2026-05-23 13:06:26,18.8,6.39,42.5
2026-05-23 13:06:28,26.1,6.39,42.5
2026-05-23 13:06:28,26.1,4.04,42.5
2026-05-23 13:06:28,26.1,4.04,75.7
2026-05-23 13:06:30,47.9,4.04,75.7
2026-05-23 13:06:30,47.9,5.66,75.7
2026-05-23 13:06:30,47.9,5.66,23.3
2026-05-23 13:06:32,18.1,5.66,23.3
2026-05-23 13:06:32,18.1,5.35,23.3
2026-05-23 13:06:32,18.1,5.35,78.9
2026-05-23 13:06:34,52.7,5.35,78.9
2026-05-23 13:06:34,52.7,3.6,78.9
2026-05-23 13:06:34,52.7,3.6,69.8
2026-05-23 13:06:36,26.7,3.6,69.8
2026-05-23 13:06:36,26.7,7.8,69.8
2026-05-23 13:06:36,26.7,7.8,71.2
2026-05-23 13:06:38,40.9,7.8,71.2
2026-05-23 13:06:38,40.9,5.2,71.2
2026-05-23 13:06:38,40.9,5.2,45.6
2026-05-23 13:06:40,61.1,5.2,45.6
2026-05-23 13:06:40,61.1,1.77,45.6
2026-05-23 13:06:40,61.1,1.77,47.7
2026-05-23 13:06:42,78.4,1.77,47.7
2026-05-23 13:06:42,78.4,3.49,47.7
2026-05-23 13:06:42,78.4,3.49,24.2
2026-05-23 13:06:45,26.6,3.49,24.2
2026-05-23 13:06:45,26.6,6.65,24.2
2026-05-23 13:06:45,26.6,6.65,46.6
2026-05-23 13:06:46,23.4,6.65,46.6
2026-05-23 13:06:46,23.4,3.86,46.6
2026-05-23 13:06:46,23.4,3.86,37.4
2026-05-23 13:06:48,36.2,3.86,37.4
2026-05-23 13:06:48,36.2,7.6,37.4
2026-05-23 13:06:48,36.2,7.6,19.3
2026-05-23 13:06:50,42.8,7.6,19.3
2026-05-23 13:06:50,42.8,2.71,19.3
2026-05-23 13:06:50,42.8,2.71,68.6
2026-05-23 13:06:52,67.8,2.71,68.6
2026-05-23 13:06:52,67.8,4.3,68.6
2026-05-23 13:06:52,67.8,4.3,42.8
2026-05-23 13:06:54,79.9,4.3,42.8
2026-05-23 13:06:54,79.9,7.57,42.8
2026-05-23 13:06:54,79.9,7.57,75.3
2026-05-23 13:06:56,65.9,7.57,75.3
2026-05-23 13:06:56,65.9,4.61,75.3
2026-05-23 13:06:57,65.9,4.61,30.9
2026-05-23 13:06:59,15.6,4.61,30.9
2026-05-23 13:06:59,15.6,2.8,30.9
2026-05-23 13:06:59,15.6,2.8,35.3
2026-05-23 13:07:01,47.9,2.8,35.3
2026-05-23 13:07:01,47.9,1.34,35.3
2026-05-23 13:07:01,47.9,1.34,65.5
2026-05-23 13:07:03,61.2,1.34,65.5
2026-05-23 13:07:03,61.2,6.52,65.5
2026-05-23 13:07:03,61.2,6.52,41.5
2026-05-23 13:07:05,41.0,6.52,41.5
2026-05-23 13:07:05,41.0,2.73,41.5
2026-05-23 13:07:05,41.0,2.73,10.9
2026-05-23 13:07:07,61.4,2.73,10.9
2026-05-23 13:07:07,61.4,5.72,10.9
2026-05-23 13:07:07,61.4,5.72,72.9
2026-05-23 13:07:09,13.2,5.72,72.9
2026-05-23 13:07:09,13.2,4.48,72.9
2026-05-23 13:07:09,13.2,4.48,25.3
2026-05-23 13:07:11,50.9,4.48,25.3
2026-05-23 13:07:11,50.9,6.94,25.3
2026-05-23 13:07:11,50.9,6.94,73.9
2026-05-23 13:07:13,66.6,6.94,73.9
2026-05-23 13:07:13,66.6,7.69,73.9
2026-05-23 13:07:13,66.6,7.69,73.6
2026-05-23 13:07:15,30.8,7.69,73.6
2026-05-23 13:07:15,30.8,5.11,73.6
2026-05-23 13:07:15,30.8,5.11,72.8
2026-05-23 13:07:17,51.4,5.11,72.8
2026-05-23 13:07:17,51.4,7.97,72.8
2026-05-23 13:07:17,51.4,7.97,41.5
2026-05-23 13:07:19,29.6,7.97,41.5
2026-05-23 13:07:19,29.6,3.58,41.5
2026-05-23 13:07:19,29.6,3.58,18.6
2026-05-23 13:07:21,44.5,3.58,18.6
2026-05-23 13:07:21,44.5,7.42,18.6
2026-05-23 13:07:21,44.5,7.42,16.5
2026-05-23 13:07:23,33.0,7.42,16.5
2026-05-23 13:07:23,33.0,1.77,16.5
2026-05-23 13:07:23,33.0,1.77,20.2
2026-05-23 13:07:25,43.4,1.77,20.2
2026-05-23 13:07:25,43.4,4.63,20.2
2026-05-23 13:07:25,43.4,4.63,35.9
2026-05-23 13:07:27,52.2,4.63,35.9
2026-05-23 13:07:27,52.2,4.65,35.9
2026-05-23 13:07:27,52.2,4.65,27.2
2026-05-23 13:07:29,11.0,4.65,27.2
2026-05-23 13:07:29,11.0,6.73,27.2
2026-05-23 13:07:29,11.0,6.73,39.1
2026-05-23 13:07:31,45.5,6.73,39.1
2026-05-23 13:07:31,45.5,7.23,39.1
2026-05-23 13:07:31,45.5,7.23,66.2
2026-05-23 13:07:33,64.5,7.23,66.2
2026-05-23 13:07:33,64.5,4.61,66.2
2026-05-23 13:07:33,64.5,4.61,53.1
2026-05-23 13:07:35,38.1,4.61,53.1
2026-05-23 13:07:35,38.1,2.05,53.1
2026-05-23 13:07:35,38.1,2.05,35.6
2026-05-23 13:07:37,59.3,2.05,35.6
2026-05-23 13:07:37,59.3,7.49,35.6
2026-05-23 13:07:37,59.3,7.49,19.9
2026-05-23 13:07:39,16.5,7.49,19.9
2026-05-23 13:07:39,16.5,7.89,19.9
2026-05-23 13:07:39,16.5,7.89,49.9
2026-05-23 13:07:41,66.9,7.89,49.9
2026-05-23 13:07:41,66.9,1.96,49.9
2026-05-23 13:07:41,66.9,1.96,38.6
2026-05-23 13:07:43,27.1,1.96,38.6
2026-05-23 13:07:43,27.1,2.66,38.6
2026-05-23 13:07:43,27.1,2.66,16.3
2026-05-23 13:07:45,52.3,2.66,16.3
2026-05-23 13:07:45,52.3,4.94,16.3
2026-05-23 13:07:45,52.3,4.94,71.5
2026-05-23 13:07:47,15.6,4.94,71.5
2026-05-23 13:07:47,15.6,4.77,71.5
2026-05-23 13:07:47,15.6,4.77,35.3
2026-05-23 13:07:50,77.1,4.77,35.3
2026-05-23 13:07:50,77.1,3.27,35.3
2026-05-23 13:07:50,77.1,3.27,46.3
2026-05-23 13:07:52,18.5,3.27,46.3
2026-05-23 13:07:52,18.5,4.32,46.3
2026-05-23 13:07:52,18.5,4.32,31.5
2026-05-23 13:07:54,15.9,4.32,31.5
2026-05-23 13:07:54,15.9,3.31,31.5
2026-05-23 13:07:54,15.9,3.31,60.4
2026-05-23 13:07:56,44.4,3.31,60.4
2026-05-23 13:07:56,44.4,7.52,60.4
2026-05-23 13:07:56,44.4,7.52,16.5
2026-05-23 13:07:58,37.3,7.52,16.5
2026-05-23 13:07:58,37.3,3.88,16.5
2026-05-23 13:07:58,37.3,3.88,46.5
2026-05-23 13:08:00,80.0,3.88,46.5
2026-05-23 13:08:00,80.0,1.2,46.5
2026-05-23 13:08:00,80.0,1.2,29.1
2026-05-23 13:08:02,79.9,1.2,29.1
2026-05-23 13:08:02,79.9,7.13,29.1
2026-05-23 13:08:02,79.9,7.13,72.4
2026-05-23 13:08:04,68.9,7.13,72.4
2026-05-23 13:08:04,68.9,5.62,72.4
2026-05-23 13:08:04,68.9,5.62,54.7
2026-05-23 13:08:06,23.0,5.62,54.7
2026-05-23 13:08:06,23.0,2.91,54.7
2026-05-23 13:08:06,23.0,2.91,40.1
2026-05-23 13:08:08,15.9,2.91,40.1
2026-05-23 13:08:08,15.9,7.4,40.1
2026-05-23 13:08:08,15.9,7.4,62.1
2026-05-23 13:08:10,74.4,7.4,62.1
2026-05-23 13:08:10,74.4,6.24,62.1
2026-05-23 13:08:10,74.4,6.24,53.7
2026-05-23 13:08:12,10.3,6.24,53.7
2026-05-23 13:08:12,10.3,4.22,53.7
2026-05-23 13:08:12,10.3,4.22,36.7
2026-05-23 13:08:14,69.2,4.22,36.7
2026-05-23 13:08:14,69.2,3.63,36.7
2026-05-23 13:08:14,69.2,3.63,42.1
2026-05-23 13:08:16,10.0,3.63,42.1
2026-05-23 13:08:16,10.0,3.95,42.1
2026-05-23 13:08:16,10.0,3.95,11.7
2026-05-23 13:08:18,70.0,3.95,11.7
2026-05-23 13:08:18,70.0,5.63,11.7
2026-05-23 13:08:18,70.0,5.63,21.8
2026-05-23 13:08:20,57.3,5.63,21.8
2026-05-23 13:08:20,57.3,5.37,21.8
2026-05-23 13:08:20,57.3,5.37,20.4
2026-05-23 13:08:22,31.3,5.37,20.4
2026-05-23 13:08:22,31.3,7.08,20.4
2026-05-23 13:08:22,31.3,7.08,61.8
2026-05-23 13:08:24,27.6,7.08,61.8
2026-05-23 13:08:24,27.6,7.97,61.8
2026-05-23 13:08:24,27.6,7.97,45.2
2026-05-23 13:08:26,63.3,7.97,45.2
2026-05-23 13:08:26,63.3,4.87,45.2
2026-05-23 13:08:26,63.3,4.87,36.8
2026-05-23 13:08:28,47.9,4.87,36.8
2026-05-23 13:08:28,47.9,3.47,36.8
2026-05-23 13:08:28,47.9,3.47,41.8
2026-05-23 13:08:30,69.5,3.47,41.8
2026-05-23 13:08:30,69.5,5.3,41.8
2026-05-23 13:08:30,69.5,5.3,56.8
2026-05-23 13:08:32,53.8,5.3,56.8
2026-05-23 13:08:32,53.8,6.34,56.8
2026-05-23 13:08:32,53.8,6.34,19.8
2026-05-23 13:08:34,65.0,6.34,19.8
2026-05-23 13:08:34,65.0,4.5,19.8
2026-05-23 13:08:34,65.0,4.5,58.2
2026-05-23 13:08:36,69.3,4.5,58.2
2026-05-23 13:08:36,69.3,1.13,58.2
2026-05-23 13:08:36,69.3,1.13,59.2
2026-05-23 13:08:38,59.6,1.13,59.2
2026-05-23 13:08:38,59.6,5.02,59.2
2026-05-23 13:08:38,59.6,5.02,33.7
2026-05-23 13:08:40,76.6,5.02,33.7
2026-05-23 13:08:40,76.6,3.14,33.7
2026-05-23 13:08:41,76.6,3.14,53.6
2026-05-23 13:08:43,30.6,3.14,53.6
2026-05-23 13:08:43,30.6,6.87,53.6
2026-05-23 13:08:43,30.6,6.87,35.1
2026-05-23 13:08:45,20.8,6.87,35.1
2026-05-23 13:08:45,20.8,2.74,35.1
2026-05-23 13:08:45,20.8,2.74,59.2
2026-05-23 13:08:47,66.3,2.74,59.2
2026-05-23 13:08:47,66.3,2.86,59.2
2026-05-23 13:08:47,66.3,2.86,29.0
2026-05-23 13:08:49,42.2,2.86,29.0
2026-05-23 13:08:49,42.2,7.65,29.0
2026-05-23 13:08:49,42.2,7.65,53.1
2026-05-23 13:08:51,27.1,7.65,53.1
2026-05-23 13:08:51,27.1,2.52,53.1
2026-05-23 13:08:51,27.1,2.52,43.3
2026-05-23 13:08:53,55.5,2.52,43.3
2026-05-23 13:08:53,55.5,7.63,43.3
2026-05-23 13:08:53,55.5,7.63,67.6
2026-05-23 13:08:55,18.0,7.63,67.6
2026-05-23 13:08:55,18.0,3.43,67.6
2026-05-23 13:08:55,18.0,3.43,56.7
2026-05-23 13:08:57,52.3,3.43,56.7
2026-05-23 13:08:57,52.3,3.97,56.7
2026-05-23 13:08:57,52.3,3.97,50.0
2026-05-23 13:08:59,30.5,3.97,50.0
2026-05-23 13:08:59,30.5,5.08,50.0
2026-05-23 13:08:59,30.5,5.08,61.1
2026-05-23 13:09:01,52.0,5.08,61.1
2026-05-23 13:09:01,52.0,2.93,61.1
2026-05-23 13:09:01,52.0,2.93,54.5
2026-05-23 13:09:03,70.6,2.93,54.5
2026-05-23 13:09:03,70.6,7.77,54.5
2026-05-23 13:09:03,70.6,7.77,35.9
2026-05-23 13:09:05,63.0,7.77,35.9
2026-05-23 13:09:05,63.0,7.97,35.9
2026-05-23 13:09:05,63.0,7.97,19.3
2026-05-23 13:09:07,63.0,7.97,19.3
2026-05-23 13:09:07,63.0,7.97,19.3
2026-05-23 13:09:07,63.0,7.97,19.3
2026-05-23 13:09:09,63.1,7.97,19.3
2026-05-23 13:09:09,63.1,4.43,19.3
2026-05-23 13:09:09,63.1,4.43,30.6
2026-05-23 13:09:11,38.8,4.43,30.6
2026-05-23 13:09:11,38.8,6.45,30.6
2026-05-23 13:09:12,38.8,6.45,29.4
2026-05-23 13:09:13,37.8,6.45,29.4
2026-05-23 13:09:13,37.8,2.42,29.4
2026-05-23 13:09:13,37.8,2.42,27.9
2026-05-23 13:09:15,56.5,2.42,27.9
2026-05-23 13:09:15,56.5,4.87,27.9
2026-05-23 13:09:15,56.5,4.87,75.4
2026-05-23 13:09:18,57.2,4.87,75.4
2026-05-23 13:09:18,57.2,4.01,75.4
2026-05-23 13:09:18,57.2,4.01,71.0
2026-05-23 13:09:20,63.3,4.01,71.0
2026-05-23 13:09:20,63.3,6.86,71.0
2026-05-23 13:09:20,63.3,6.86,62.7
2026-05-23 13:09:22,73.9,6.86,62.7
2026-05-23 13:09:22,73.9,4.24,62.7
2026-05-23 13:09:22,73.9,4.24,60.6
2026-05-23 13:09:24,73.6,4.24,60.6
2026-05-23 13:09:24,73.6,1.17,60.6
2026-05-23 13:09:24,73.6,1.17,70.4
2026-05-23 13:09:26,32.3,1.17,70.4
2026-05-23 13:09:26,32.3,2.12,70.4
2026-05-23 13:09:26,32.3,2.12,16.0
2026-05-23 13:09:28,18.6,2.12,16.0
2026-05-23 13:09:28,18.6,1.98,16.0
2026-05-23 13:09:28,18.6,1.98,10.2
2026-05-23 13:09:30,24.6,1.98,10.2
2026-05-23 13:09:30,24.6,6.58,10.2
2026-05-23 13:09:30,24.6,6.58,56.5
2026-05-23 13:09:32,69.2,6.58,56.5
2026-05-23 13:09:32,69.2,1.04,56.5
2026-05-23 13:09:32,69.2,1.04,14.3
2026-05-23 13:09:34,53.9,1.04,14.3
2026-05-23 13:09:34,53.9,2.32,14.3
2026-05-23 13:09:34,53.9,2.32,10.6
2026-05-23 13:09:36,57.7,2.32,10.6
2026-05-23 13:09:36,57.7,6.96,10.6
2026-05-23 13:09:36,57.7,6.96,22.8
2026-05-23 13:09:38,73.1,6.96,22.8
2026-05-23 13:09:38,73.1,5.97,22.8
2026-05-23 13:09:38,73.1,5.97,10.8
2026-05-23 13:09:40,69.2,5.97,10.8
2026-05-23 13:09:40,69.2,2.76,10.8
2026-05-23 13:09:40,69.2,2.76,30.2
2026-05-23 13:09:42,64.3,2.76,30.2
2026-05-23 13:09:42,64.3,5.78,30.2
2026-05-23 13:09:42,64.3,5.78,57.0
2026-05-23 13:09:44,16.8,5.78,57.0
2026-05-23 13:09:44,16.8,3.81,57.0
2026-05-23 13:09:44,16.8,3.81,51.3
2026-05-23 13:09:46,17.2,3.81,51.3
2026-05-23 13:09:46,17.2,2.22,51.3
2026-05-23 13:09:46,17.2,2.22,38.9
2026-05-23 13:09:48,15.7,2.22,38.9
2026-05-23 13:09:48,15.7,6.57,38.9
2026-05-23 13:09:48,15.7,6.57,71.7
2026-05-23 13:09:50,29.9,6.57,71.7
2026-05-23 13:09:50,29.9,2.06,71.7
2026-05-23 13:09:50,29.9,2.06,44.6
2026-05-23 13:09:52,40.6,2.06,44.6
2026-05-23 13:09:52,40.6,1.37,44.6
2026-05-23 13:09:52,40.6,1.37,35.2
2026-05-23 13:09:54,48.2,1.37,35.2
2026-05-23 13:09:54,48.2,7.31,35.2
2026-05-23 13:09:54,48.2,7.31,32.4
2026-05-23 13:09:56,52.9,7.31,32.4
2026-05-23 13:09:56,52.9,1.51,32.4
2026-05-23 13:09:56,52.9,1.51,31.8
2026-05-23 13:09:58,56.7,1.51,31.8
2026-05-23 13:09:58,56.7,1.56,31.8
2026-05-23 13:09:58,56.7,1.56,70.7
2026-05-23 13:10:00,45.4,1.56,70.7
2026-05-23 13:10:00,45.4,1.64,70.7
2026-05-23 13:10:00,45.4,1.64,34.2
2026-05-23 13:10:02,30.5,1.64,34.2
2026-05-23 13:10:02,30.5,3.73,34.2
2026-05-23 13:10:02,30.5,3.73,67.9
2026-05-23 13:10:04,42.2,3.73,67.9
2026-05-23 13:10:04,42.2,1.03,67.9
2026-05-23 13:10:04,42.2,1.03,13.9
2026-05-23 13:10:06,10.6,1.03,13.9
2026-05-23 13:10:06,10.6,2.64,13.9
2026-05-23 13:10:06,10.6,2.64,30.3
2026-05-23 13:10:08,68.6,2.64,30.3
2026-05-23 13:10:08,68.6,1.34,30.3
2026-05-23 13:10:08,68.6,1.34,30.0
2026-05-23 13:10:10,74.8,1.34,30.0
2026-05-23 13:10:10,74.8,1.35,30.0
2026-05-23 13:10:10,74.8,1.35,34.4
2026-05-23 13:10:12,57.0,1.35,34.4
2026-05-23 13:10:12,57.0,2.67,34.4
2026-05-23 13:10:12,57.0,2.67,42.6
2026-05-23 13:10:14,27.5,2.67,42.6
2026-05-23 13:10:14,27.5,1.15,42.6
2026-05-23 13:10:14,27.5,1.15,49.0
2026-05-23 13:10:16,77.4,1.15,49.0
2026-05-23 13:10:16,77.4,4.25,49.0
2026-05-23 13:10:16,77.4,4.25,35.4
2026-05-23 13:10:18,73.0,4.25,35.4
2026-05-23 13:10:18,73.0,8.0,35.4
2026-05-23 13:10:18,73.0,8.0,10.3
2026-05-23 13:10:20,54.7,8.0,10.3
2026-05-23 13:10:20,54.7,6.41,10.3
2026-05-23 13:10:20,54.7,6.41,34.9
2026-05-23 13:10:22,49.4,6.41,34.9
2026-05-23 13:10:22,49.4,7.42,34.9
2026-05-23 13:10:22,49.4,7.42,57.9
2026-05-23 13:10:24,67.9,7.42,57.9
2026-05-23 13:10:24,67.9,7.61,57.9
2026-05-23 13:10:24,67.9,7.61,29.4
2026-05-23 13:10:26,59.6,7.61,29.4
2026-05-23 13:10:26,59.6,5.85,29.4
2026-05-23 13:10:26,59.6,5.85,45.7
2026-05-23 13:10:28,37.9,5.85,45.7
2026-05-23 13:10:28,37.9,5.97,45.7
2026-05-23 13:10:28,37.9,5.97,36.5
2026-05-23 13:10:30,73.6,5.97,36.5
2026-05-23 13:10:30,73.6,4.29,36.5
2026-05-23 13:10:30,73.6,4.29,38.0
2026-05-23 13:10:32,60.1,4.29,38.0
2026-05-23 13:10:32,60.1,5.88,38.0
2026-05-23 13:10:32,60.1,5.88,67.5
2026-05-23 13:10:34,34.6,5.88,67.5
2026-05-23 13:10:34,34.6,3.22,67.5
2026-05-23 13:10:34,34.6,3.22,44.0
2026-05-23 13:10:36,75.4,3.22,44.0
2026-05-23 13:10:36,75.4,3.29,44.0
2026-05-23 13:10:36,75.4,3.29,17.6
2026-05-23 13:10:38,31.8,3.29,17.6
2026-05-23 13:10:39,31.8,7.03,17.6
2026-05-23 13:10:39,31.8,7.03,43.6
2026-05-23 13:10:40,31.0,7.03,43.6
2026-05-23 13:10:40,31.0,2.88,43.6
2026-05-23 13:10:40,31.0,2.88,19.4
2026-05-23 13:10:42,67.5,2.88,19.4
2026-05-23 13:10:42,67.5,6.4,19.4
2026-05-23 13:10:42,67.5,6.4,71.3
2026-05-23 13:10:45,17.8,6.4,71.3
2026-05-23 13:10:45,17.8,7.97,71.3
2026-05-23 13:10:45,17.8,7.97,34.3
2026-05-23 13:10:48,29.2,7.97,34.3
2026-05-23 13:10:48,29.2,4.96,34.3
2026-05-23 13:10:48,29.2,4.96,51.3
2026-05-23 13:10:49,49.0,4.96,51.3
2026-05-23 13:10:49,49.0,1.25,51.3
2026-05-23 13:10:49,49.0,1.25,57.1
2026-05-23 13:10:51,69.4,1.25,57.1
2026-05-23 13:10:51,69.4,3.79,57.1
2026-05-23 13:10:51,69.4,3.79,12.3
2026-05-23 13:10:54,58.6,3.79,12.3
2026-05-23 13:10:54,58.6,4.75,12.3
2026-05-23 13:10:55,58.6,4.75,77.8
2026-05-23 13:10:56,64.7,4.75,77.8
2026-05-23 13:10:56,64.7,1.51,77.8
2026-05-23 13:10:56,64.7,1.51,16.9
2026-05-23 13:10:58,33.0,1.51,16.9
2026-05-23 13:10:58,33.0,6.53,16.9
2026-05-23 13:10:58,33.0,6.53,40.3
2026-05-23 13:11:00,15.9,6.53,40.3
2026-05-23 13:11:00,15.9,2.33,40.3
2026-05-23 13:11:00,15.9,2.33,53.1
2026-05-23 13:11:02,41.5,2.33,53.1
2026-05-23 13:11:02,41.5,7.6,53.1
2026-05-23 13:11:02,41.5,7.6,27.5
2026-05-23 13:11:04,22.6,7.6,27.5
2026-05-23 13:11:04,22.6,3.57,27.5
2026-05-23 13:11:04,22.6,3.57,37.7
2026-05-23 13:11:06,47.4,3.57,37.7
2026-05-23 13:11:07,47.4,4.99,37.7
2026-05-23 13:11:07,47.4,4.99,44.5
2026-05-23 13:11:09,61.3,4.99,44.5
2026-05-23 13:11:09,61.3,3.58,44.5
2026-05-23 13:11:09,61.3,3.58,32.5
2026-05-23 13:11:11,45.8,3.58,32.5
2026-05-23 13:11:11,45.8,6.97,32.5
2026-05-23 13:11:11,45.8,6.97,20.2
2026-05-23 13:11:13,32.2,6.97,20.2
2026-05-23 13:11:13,32.2,1.44,20.2
2026-05-23 13:11:13,32.2,1.44,20.5
2026-05-23 13:11:15,45.9,1.44,20.5
2026-05-23 13:11:15,45.9,4.45,20.5
2026-05-23 13:11:15,45.9,4.45,55.2
2026-05-23 13:11:17,79.4,4.45,55.2
2026-05-23 13:11:17,79.4,6.35,55.2
2026-05-23 13:11:17,79.4,6.35,52.1
2026-05-23 13:11:19,57.0,6.35,52.1
2026-05-23 13:11:19,57.0,3.78,52.1
2026-05-23 13:11:19,57.0,3.78,21.1
2026-05-23 13:11:21,68.6,3.78,21.1
2026-05-23 13:11:22,68.6,4.23,21.1
2026-05-23 13:11:22,68.6,4.23,66.7
2026-05-23 13:11:23,18.5,4.23,66.7
2026-05-23 13:11:23,18.5,1.76,66.7
2026-05-23 13:11:23,18.5,1.76,37.1
2026-05-23 13:11:25,47.4,1.76,37.1
2026-05-23 13:11:25,47.4,4.18,37.1
2026-05-23 13:11:25,47.4,4.18,11.7
2026-05-23 13:11:27,64.6,4.18,11.7
2026-05-23 13:11:27,64.6,3.73,11.7
2026-05-23 13:11:27,64.6,3.73,75.8
2026-05-23 13:11:29,48.1,3.73,75.8
2026-05-23 13:11:29,48.1,7.2,75.8
2026-05-23 13:11:29,48.1,7.2,10.0
2026-05-23 13:11:31,31.1,7.2,10.0
2026-05-23 13:11:31,31.1,5.52,10.0
2026-05-23 13:11:31,31.1,5.52,27.2
2026-05-23 13:11:33,33.2,5.52,27.2
2026-05-23 13:11:33,33.2,1.79,27.2
2026-05-23 13:11:33,33.2,1.79,55.9
2026-05-23 13:11:35,56.3,1.79,55.9
2026-05-23 13:11:35,56.3,3.82,55.9
2026-05-23 13:11:35,56.3,3.82,44.4
2026-05-23 13:11:37,44.7,3.82,44.4
2026-05-23 13:11:37,44.7,1.36,44.4
2026-05-23 13:11:37,44.7,1.36,42.5
2026-05-23 13:11:39,54.5,1.36,42.5
2026-05-23 13:11:39,54.5,1.85,42.5
2026-05-23 13:11:39,54.5,1.85,37.3
2026-05-23 13:11:42,22.7,1.85,37.3
2026-05-23 13:11:42,22.7,7.13,37.3
2026-05-23 13:11:42,22.7,7.13,65.6
2026-05-23 13:11:44,75.8,7.13,65.6
2026-05-23 13:11:44,75.8,3.99,65.6
2026-05-23 13:11:44,75.8,3.99,31.2
2026-05-23 13:11:46,45.8,3.99,31.2
2026-05-23 13:11:46,45.8,6.94,31.2
2026-05-23 13:11:46,45.8,6.94,42.4
2026-05-23 13:11:48,25.0,6.94,42.4
2026-05-23 13:11:48,25.0,7.29,42.4
2026-05-23 13:11:48,25.0,7.29,41.1
2026-05-23 13:11:50,56.5,7.29,41.1
2026-05-23 13:11:50,56.5,3.63,41.1
2026-05-23 13:11:50,56.5,3.63,63.0
2026-05-23 13:11:53,77.9,3.63,63.0
2026-05-23 13:11:53,77.9,6.03,63.0
2026-05-23 13:11:54,77.9,6.03,50.5
2026-05-23 13:11:54,50.2,6.03,50.5
2026-05-23 13:11:54,50.2,5.44,50.5
2026-05-23 13:11:55,50.2,5.44,52.2
2026-05-23 13:11:57,21.1,5.44,52.2
2026-05-23 13:11:57,21.1,3.63,52.2
2026-05-23 13:11:57,21.1,3.63,58.9
2026-05-23 13:11:59,52.0,3.63,58.9
2026-05-23 13:11:59,52.0,1.21,58.9
2026-05-23 13:11:59,52.0,1.21,22.0
2026-05-23 13:12:01,10.5,1.21,22.0
2026-05-23 13:12:01,10.5,5.81,22.0
2026-05-23 13:12:01,10.5,5.81,42.2
2026-05-23 13:12:03,62.4,5.81,42.2
2026-05-23 13:12:03,62.4,3.75,42.2
2026-05-23 13:12:03,62.4,3.75,44.9
2026-05-23 13:12:05,74.2,3.75,44.9
2026-05-23 13:12:05,74.2,7.8,44.9
2026-05-23 13:12:05,74.2,7.8,33.8
2026-05-23 13:12:07,74.9,7.8,33.8
2026-05-23 13:12:07,74.9,1.1,33.8
2026-05-23 13:12:07,74.9,1.1,18.5
2026-05-23 13:12:09,20.2,1.1,18.5
2026-05-23 13:12:09,20.2,5.06,18.5
2026-05-23 13:12:09,20.2,5.06,17.8
2026-05-23 13:12:11,78.0,5.06,17.8
2026-05-23 13:12:11,78.0,2.41,17.8
2026-05-23 13:12:11,78.0,2.41,59.9
2026-05-23 13:12:13,56.7,2.41,59.9
2026-05-23 13:12:14,56.7,6.91,59.9
2026-05-23 13:12:14,56.7,6.91,64.1
2026-05-23 13:12:16,34.7,6.91,64.1
2026-05-23 13:12:16,34.7,4.71,64.1
2026-05-23 13:12:16,34.7,4.71,46.7
2026-05-23 13:12:18,35.1,4.71,46.7
2026-05-23 13:12:19,35.1,1.75,46.7
2026-05-23 13:12:19,35.1,1.75,13.3
2026-05-23 13:12:21,34.5,1.75,13.3
2026-05-23 13:12:21,34.5,3.06,13.3
2026-05-23 13:12:23,34.5,3.06,72.2
2026-05-23 13:12:23,16.5,3.06,72.2
2026-05-23 13:12:24,16.5,3.43,72.2
2026-05-23 13:12:24,16.5,3.43,62.7
2026-05-23 13:12:26,32.6,3.43,62.7
2026-05-23 13:12:27,32.6,2.76,62.7
2026-05-23 13:12:27,32.6,2.76,70.6
2026-05-23 13:12:28,32.6,2.76,70.6
2026-05-23 13:12:29,32.6,2.76,70.6
2026-05-23 13:12:29,32.6,2.76,70.6
2026-05-23 13:12:30,48.6,2.76,70.6
2026-05-23 13:12:31,48.6,4.21,70.6
2026-05-23 13:12:32,48.6,4.21,50.2
2026-05-23 13:12:33,54.5,4.21,50.2
2026-05-23 13:12:34,54.5,5.89,50.2
2026-05-23 13:12:35,54.5,5.89,46.5
2026-05-23 13:12:35,50.2,5.89,46.5
2026-05-23 13:12:36,50.2,1.28,46.5
2026-05-23 13:12:36,50.2,1.28,39.7
2026-05-23 13:12:37,46.6,1.28,39.7
2026-05-23 13:12:37,46.6,5.27,39.7
2026-05-23 13:12:39,46.6,5.27,72.4
2026-05-23 13:12:40,13.4,5.27,72.4
2026-05-23 13:12:41,13.4,4.11,72.4
2026-05-23 13:12:42,13.4,4.11,39.8
2026-05-23 13:12:42,13.4,4.11,39.8
2026-05-23 13:12:42,13.4,4.11,39.8
2026-05-23 13:12:43,13.4,4.11,39.8
2026-05-23 13:12:43,25.0,4.11,39.8
2026-05-23 13:12:43,25.0,3.12,39.8
2026-05-23 13:12:44,25.0,3.12,54.1
2026-05-23 13:12:45,43.7,3.12,54.1
2026-05-23 13:12:46,43.7,5.7,54.1
2026-05-23 13:12:46,43.7,5.7,58.8
2026-05-23 13:12:47,30.9,5.7,58.8
2026-05-23 13:12:47,30.9,1.1,58.8
2026-05-23 13:12:48,30.9,1.1,36.2
2026-05-23 13:12:50,48.6,1.1,36.2
2026-05-23 13:12:52,48.6,4.49,36.2
2026-05-23 13:12:53,48.6,4.49,36.8
2026-05-23 13:12:53,70.6,4.49,36.8
2026-05-23 13:12:55,70.6,7.69,36.8
2026-05-23 13:12:55,70.6,7.69,24.5
2026-05-23 13:12:56,62.2,7.69,24.5
2026-05-23 13:12:56,62.2,5.95,24.5
2026-05-23 13:12:57,62.2,5.95,33.7
2026-05-23 13:12:57,56.8,5.95,33.7
2026-05-23 13:12:57,56.8,7.51,33.7
2026-05-23 13:12:58,56.8,7.51,25.4
2026-05-23 13:12:59,11.5,7.51,25.4
2026-05-23 13:13:00,11.5,1.27,25.4
2026-05-23 13:13:01,11.5,1.27,26.3
2026-05-23 13:13:02,11.1,1.27,26.3
2026-05-23 13:13:03,11.1,6.29,26.3
2026-05-23 13:13:04,11.1,6.29,37.3
2026-05-23 13:13:05,71.8,6.29,37.3
2026-05-23 13:13:05,71.8,2.67,37.3
2026-05-23 13:13:05,71.8,2.67,51.9
2026-05-23 13:13:07,37.5,2.67,51.9
2026-05-23 13:13:07,37.5,1.53,51.9
2026-05-23 13:13:07,37.5,1.53,51.1
2026-05-23 13:13:09,47.9,1.53,51.1
2026-05-23 13:13:09,47.9,3.59,51.1
2026-05-23 13:13:09,47.9,3.59,38.6
2026-05-23 13:13:11,28.2,3.59,38.6
2026-05-23 13:13:11,28.2,5.13,38.6
2026-05-23 13:13:11,28.2,5.13,51.6
2026-05-23 13:13:14,63.3,5.13,51.6
2026-05-23 13:13:14,63.3,3.03,51.6
2026-05-23 13:13:14,63.3,3.03,12.0
2026-05-23 13:13:16,48.5,3.03,12.0
2026-05-23 13:13:16,48.5,1.76,12.0
2026-05-23 13:13:16,48.5,1.76,67.4
2026-05-23 13:13:18,17.0,1.76,67.4
2026-05-23 13:13:18,17.0,6.28,67.4
2026-05-23 13:13:18,17.0,6.28,14.7
2026-05-23 13:13:20,61.6,6.28,14.7
2026-05-23 13:13:20,61.6,2.47,14.7
2026-05-23 13:13:20,61.6,2.47,12.6
2026-05-23 13:13:22,20.1,2.47,12.6
2026-05-23 13:13:22,20.1,7.48,12.6
2026-05-23 13:13:22,20.1,7.48,44.4
2026-05-23 13:13:24,21.8,7.48,44.4
2026-05-23 13:13:24,21.8,2.32,44.4
2026-05-23 13:13:24,21.8,2.32,40.8
2026-05-23 13:13:26,57.9,2.32,40.8
2026-05-23 13:13:26,57.9,4.36,40.8
2026-05-23 13:13:26,57.9,4.36,26.6
2026-05-23 13:13:28,24.5,4.36,26.6
2026-05-23 13:13:29,24.5,2.4,26.6
2026-05-23 13:13:29,24.5,2.4,25.2
2026-05-23 13:13:30,58.1,2.4,25.2
2026-05-23 13:13:30,58.1,2.59,25.2
2026-05-23 13:13:30,58.1,2.59,74.7
2026-05-23 13:13:33,28.8,2.59,74.7
2026-05-23 13:13:34,28.8,2.72,74.7
2026-05-23 13:13:35,28.8,2.72,32.0
2026-05-23 13:13:36,12.3,2.72,32.0
2026-05-23 13:13:36,12.3,7.89,32.0
2026-05-23 13:13:36,12.3,7.89,66.8
2026-05-23 13:13:38,47.0,7.89,66.8
2026-05-23 13:13:39,47.0,1.31,66.8
2026-05-23 13:13:39,47.0,1.31,77.8
2026-05-23 13:13:42,56.9,1.31,77.8
2026-05-23 13:13:44,56.9,7.37,77.8
2026-05-23 13:13:46,56.9,7.37,16.7
2026-05-23 13:13:47,75.9,7.37,16.7
2026-05-23 13:13:47,75.9,7.89,16.7
2026-05-23 13:13:48,75.9,7.89,37.0
2026-05-23 13:13:49,36.5,7.89,37.0
2026-05-23 13:13:49,36.5,6.49,37.0
2026-05-23 13:13:50,36.5,6.49,58.6
2026-05-23 13:13:51,19.5,6.49,58.6
2026-05-23 13:13:52,19.5,6.35,58.6
2026-05-23 13:13:55,19.5,6.35,60.0
2026-05-23 13:13:57,23.4,6.35,60.0
2026-05-23 13:14:01,23.4,6.25,60.0
2026-05-23 13:14:04,23.4,6.25,50.8
2026-05-23 13:14:06,24.8,6.25,50.8
2026-05-23 13:14:07,24.8,1.06,50.8
2026-05-23 13:14:09,24.8,1.06,31.9
2026-05-23 13:14:10,52.7,1.06,31.9
2026-05-23 13:14:10,52.7,2.06,31.9
2026-05-23 13:14:10,52.7,2.06,53.7
2026-05-23 13:14:11,47.6,2.06,53.7
2026-05-23 13:14:11,47.6,4.04,53.7
2026-05-23 13:14:11,47.6,4.04,24.3
2026-05-23 13:14:11,57.3,4.04,24.3
2026-05-23 13:14:12,57.3,6.43,24.3
2026-05-23 13:14:12,57.3,6.43,60.8
2026-05-23 13:14:12,77.8,6.43,60.8
2026-05-23 13:14:12,77.8,6.4,60.8
2026-05-23 13:14:12,77.8,6.4,62.1
2026-05-23 13:14:12,70.9,6.4,62.1
2026-05-23 13:14:13,70.9,5.23,62.1
2026-05-23 13:14:13,70.9,5.23,26.1
2026-05-23 13:14:15,54.6,5.23,26.1
2026-05-23 13:14:15,54.6,5.95,26.1
2026-05-23 13:14:15,54.6,5.95,74.1
2026-05-23 13:14:17,63.6,5.95,74.1
2026-05-23 13:14:18,63.6,1.07,74.1
2026-05-23 13:14:18,63.6,1.07,45.1
2026-05-23 13:14:19,71.3,1.07,45.1
2026-05-23 13:14:19,71.3,4.69,45.1
2026-05-23 13:14:19,71.3,4.69,30.4
2026-05-23 13:14:22,44.2,4.69,30.4
2026-05-23 13:14:22,44.2,3.62,30.4
2026-05-23 13:14:23,44.2,3.62,29.7
2026-05-23 13:14:24,38.4,3.62,29.7
2026-05-23 13:14:24,38.4,1.49,29.7
2026-05-23 13:14:24,38.4,1.49,39.2
2026-05-23 13:14:26,31.0,1.49,39.2
2026-05-23 13:14:26,31.0,5.87,39.2
2026-05-23 13:14:26,31.0,5.87,59.4
2026-05-23 13:14:28,40.6,5.87,59.4
2026-05-23 13:14:28,40.6,3.44,59.4
2026-05-23 13:14:28,40.6,3.44,32.6
2026-05-23 13:14:30,75.5,3.44,32.6
2026-05-23 13:14:30,75.5,2.43,32.6
2026-05-23 13:14:30,75.5,2.43,31.5
2026-05-23 13:14:32,72.8,2.43,31.5
2026-05-23 13:14:32,72.8,3.23,31.5
2026-05-23 13:14:32,72.8,3.23,44.1
2026-05-23 13:14:34,54.3,3.23,44.1
2026-05-23 13:14:34,54.3,7.35,44.1
2026-05-23 13:14:34,54.3,7.35,44.3
2026-05-23 13:14:36,71.2,7.35,44.3
2026-05-23 13:14:36,71.2,4.09,44.3
2026-05-23 13:14:36,71.2,4.09,65.5
2026-05-23 13:14:38,51.5,4.09,65.5
2026-05-23 13:14:38,51.5,5.26,65.5
2026-05-23 13:14:38,51.5,5.26,63.0
2026-05-23 13:14:40,71.5,5.26,63.0
2026-05-23 13:14:40,71.5,4.88,63.0
2026-05-23 13:14:40,71.5,4.88,63.0
2026-05-23 13:14:42,52.2,4.88,63.0
2026-05-23 13:14:42,52.2,3.39,63.0
2026-05-23 13:14:42,52.2,3.39,68.2
2026-05-23 13:14:44,26.5,3.39,68.2
2026-05-23 13:14:44,26.5,5.72,68.2
2026-05-23 13:14:44,26.5,5.72,34.4
2026-05-23 13:14:46,67.6,5.72,34.4
2026-05-23 13:14:46,67.6,6.22,34.4
2026-05-23 13:14:46,67.6,6.22,53.9
2026-05-23 13:14:48,15.0,6.22,53.9
2026-05-23 13:14:48,15.0,4.65,53.9
2026-05-23 13:14:48,15.0,4.65,51.1
2026-05-23 13:14:50,35.6,4.65,51.1
2026-05-23 13:14:50,35.6,1.61,51.1
2026-05-23 13:14:50,35.6,1.61,15.6
2026-05-23 13:14:52,63.7,1.61,15.6
2026-05-23 13:14:52,63.7,6.8,15.6
2026-05-23 13:14:52,63.7,6.8,34.0
2026-05-23 13:14:54,16.9,6.8,34.0
2026-05-23 13:14:54,16.9,1.42,34.0
2026-05-23 13:14:54,16.9,1.42,43.2
2026-05-23 13:14:56,79.0,1.42,43.2
2026-05-23 13:14:56,79.0,5.68,43.2
2026-05-23 13:14:56,79.0,5.68,30.9
2026-05-23 13:14:58,10.9,5.68,30.9
2026-05-23 13:14:58,10.9,5.73,30.9
2026-05-23 13:14:58,10.9,5.73,78.2
2026-05-23 13:15:00,40.5,5.73,78.2
2026-05-23 13:15:00,40.5,7.46,78.2
2026-05-23 13:15:00,40.5,7.46,52.8
2026-05-23 13:15:02,28.7,7.46,52.8
2026-05-23 13:15:03,28.7,7.16,52.8
2026-05-23 13:15:03,28.7,7.16,22.1
2026-05-23 13:15:04,39.7,7.16,22.1
2026-05-23 13:15:05,39.7,3.37,22.1
2026-05-23 13:15:05,39.7,3.37,63.2
2026-05-23 13:15:06,39.5,3.37,63.2
2026-05-23 13:15:07,39.5,4.47,63.2
2026-05-23 13:15:07,39.5,4.47,79.1
2026-05-23 13:15:09,72.4,4.47,79.1
2026-05-23 13:15:09,72.4,3.15,79.1
2026-05-23 13:15:09,72.4,3.15,66.7
2026-05-23 13:15:11,71.0,3.15,66.7
2026-05-23 13:15:11,71.0,5.35,66.7
2026-05-23 13:15:11,71.0,5.35,79.5
2026-05-23 13:15:13,78.3,5.35,79.5
2026-05-23 13:15:13,78.3,2.94,79.5
2026-05-23 13:15:13,78.3,2.94,67.2
2026-05-23 13:15:15,23.0,2.94,67.2
2026-05-23 13:15:15,23.0,7.11,67.2
2026-05-23 13:15:15,23.0,7.11,15.2
2026-05-23 13:15:17,32.3,7.11,15.2
2026-05-23 13:15:17,32.3,6.53,15.2
2026-05-23 13:15:17,32.3,6.53,14.3
2026-05-23 13:15:19,39.4,6.53,14.3
2026-05-23 13:15:19,39.4,6.86,14.3
2026-05-23 13:15:19,39.4,6.86,58.0
2026-05-23 13:15:21,68.5,6.86,58.0
2026-05-23 13:15:21,68.5,4.24,58.0
2026-05-23 13:15:21,68.5,4.24,56.7
2026-05-23 13:15:23,63.9,4.24,56.7
2026-05-23 13:15:23,63.9,7.1,56.7
2026-05-23 13:15:23,63.9,7.1,66.8
2026-05-23 13:15:25,33.5,7.1,66.8
2026-05-23 13:15:25,33.5,7.31,66.8
2026-05-23 13:15:25,33.5,7.31,15.4
2026-05-23 13:15:27,46.8,7.31,15.4
2026-05-23 13:15:27,46.8,2.64,15.4
2026-05-23 13:15:27,46.8,2.64,31.4
2026-05-23 13:15:29,72.1,2.64,31.4
2026-05-23 13:15:29,72.1,3.09,31.4
2026-05-23 13:15:29,72.1,3.09,56.9
2026-05-23 13:15:31,39.7,3.09,56.9
2026-05-23 13:15:31,39.7,4.28,56.9
2026-05-23 13:15:31,39.7,4.28,32.4
2026-05-23 13:15:33,56.0,4.28,32.4
2026-05-23 13:15:33,56.0,6.06,32.4
2026-05-23 13:15:33,56.0,6.06,37.1
2026-05-23 13:15:35,61.2,6.06,37.1
2026-05-23 13:15:35,61.2,1.43,37.1
2026-05-23 13:15:35,61.2,1.43,76.4
2026-05-23 13:15:37,27.8,1.43,76.4
2026-05-23 13:15:37,27.8,1.95,76.4
2026-05-23 13:15:37,27.8,1.95,36.7
2026-05-23 13:15:39,69.3,1.95,36.7
2026-05-23 13:15:39,69.3,1.18,36.7
2026-05-23 13:15:39,69.3,1.18,54.1
2026-05-23 13:15:41,18.9,1.18,54.1
2026-05-23 13:15:41,18.9,6.76,54.1
2026-05-23 13:15:41,18.9,6.76,37.3
2026-05-23 13:15:43,12.9,6.76,37.3
2026-05-23 13:15:43,12.9,2.1,37.3
2026-05-23 13:15:44,12.9,2.1,49.7
2026-05-23 13:15:45,13.2,2.1,49.7
2026-05-23 13:15:46,13.2,5.78,49.7
2026-05-23 13:15:46,13.2,5.78,43.2
2026-05-23 13:15:47,10.4,5.78,43.2
2026-05-23 13:15:47,10.4,6.77,43.2
2026-05-23 13:15:47,10.4,6.77,47.9
2026-05-23 13:15:49,31.8,6.77,47.9
2026-05-23 13:15:49,31.8,1.34,47.9
2026-05-23 13:15:50,31.8,1.34,29.2
2026-05-23 13:15:51,48.4,1.34,29.2
2026-05-23 13:15:51,48.4,5.28,29.2
2026-05-23 13:15:51,48.4,5.28,57.2
2026-05-23 13:15:53,76.0,5.28,57.2
2026-05-23 13:15:53,76.0,1.99,57.2
2026-05-23 13:15:53,76.0,1.99,59.1
2026-05-23 13:15:55,59.1,1.99,59.1
2026-05-23 13:15:55,59.1,7.27,59.1
2026-05-23 13:15:55,59.1,7.27,44.0
2026-05-23 13:15:57,20.4,7.27,44.0
2026-05-23 13:15:58,20.4,7.31,44.0
2026-05-23 13:15:58,20.4,7.31,35.6
2026-05-23 13:15:59,26.4,7.31,35.6
2026-05-23 13:16:00,26.4,4.09,35.6
2026-05-23 13:16:00,26.4,4.09,19.2
2026-05-23 13:16:02,48.4,4.09,19.2
2026-05-23 13:16:02,48.4,1.89,19.2
2026-05-23 13:16:02,48.4,1.89,21.7
2026-05-23 13:16:04,13.7,1.89,21.7
2026-05-23 13:16:04,13.7,6.44,21.7
2026-05-23 13:16:04,13.7,6.44,11.5
2026-05-23 13:16:06,54.4,6.44,11.5
2026-05-23 13:16:06,54.4,2.97,11.5
2026-05-23 13:16:06,54.4,2.97,68.6
2026-05-23 13:16:08,43.2,2.97,68.6
2026-05-23 13:16:08,43.2,6.03,68.6
2026-05-23 13:16:08,43.2,6.03,30.0
2026-05-23 13:16:10,54.0,6.03,30.0
2026-05-23 13:16:10,54.0,2.39,30.0
2026-05-23 13:16:10,54.0,2.39,75.7
2026-05-23 13:16:12,28.7,2.39,75.7
2026-05-23 13:16:12,28.7,6.2,75.7
2026-05-23 13:16:12,28.7,6.2,78.1
2026-05-23 13:16:14,48.5,6.2,78.1
2026-05-23 13:16:14,48.5,6.72,78.1
2026-05-23 13:16:14,48.5,6.72,36.0
2026-05-23 13:16:16,44.0,6.72,36.0
2026-05-23 13:16:16,44.0,6.89,36.0
2026-05-23 13:16:16,44.0,6.89,43.6
2026-05-23 13:16:18,24.1,6.89,43.6
2026-05-23 13:16:18,24.1,2.2,43.6
2026-05-23 13:16:18,24.1,2.2,19.3
2026-05-23 13:16:20,48.6,2.2,19.3
2026-05-23 13:16:20,48.6,6.15,19.3
2026-05-23 13:16:20,48.6,6.15,21.5
2026-05-23 13:16:22,60.4,6.15,21.5
2026-05-23 13:16:22,60.4,4.79,21.5
2026-05-23 13:16:22,60.4,4.79,54.8
2026-05-23 13:16:24,48.6,4.79,54.8
2026-05-23 13:16:24,48.6,7.27,54.8
2026-05-23 13:16:24,48.6,7.27,39.9
2026-05-23 13:16:26,58.7,7.27,39.9
2026-05-23 13:16:26,58.7,1.0,39.9
2026-05-23 13:16:26,58.7,1.0,54.1
2026-05-23 13:16:28,68.0,1.0,54.1
2026-05-23 13:16:28,68.0,7.17,54.1
2026-05-23 13:16:28,68.0,7.17,74.2
2026-05-23 13:16:30,36.4,7.17,74.2
2026-05-23 13:16:30,36.4,1.94,74.2
2026-05-23 13:16:30,36.4,1.94,69.1
2026-05-23 13:16:32,44.9,1.94,69.1
2026-05-23 13:16:32,44.9,1.97,69.1
2026-05-23 13:16:32,44.9,1.97,18.2
2026-05-23 13:16:34,35.8,1.97,18.2
2026-05-23 13:16:34,35.8,6.13,18.2
2026-05-23 13:16:34,35.8,6.13,52.7
2026-05-23 13:16:36,10.5,6.13,52.7
2026-05-23 13:16:36,10.5,3.48,52.7
2026-05-23 13:16:36,10.5,3.48,16.9
2026-05-23 13:16:38,48.5,3.48,16.9
2026-05-23 13:16:38,48.5,4.77,16.9
2026-05-23 13:16:38,48.5,4.77,11.4
2026-05-23 13:16:40,31.5,4.77,11.4
2026-05-23 13:16:40,31.5,5.97,11.4
2026-05-23 13:16:40,31.5,5.97,32.0
2026-05-23 13:16:42,77.3,5.97,32.0
2026-05-23 13:16:42,77.3,6.52,32.0
2026-05-23 13:16:42,77.3,6.52,53.7
2026-05-23 13:16:47,58.5,6.52,53.7
2026-05-23 13:16:49,58.5,2.36,53.7
2026-05-23 13:16:49,58.5,2.36,46.6
2026-05-23 13:16:49,32.6,2.36,46.6
2026-05-23 13:16:49,32.6,5.09,46.6
2026-05-23 13:16:49,32.6,5.09,48.3
2026-05-23 13:16:51,10.9,5.09,48.3
2026-05-23 13:16:51,10.9,1.17,48.3
2026-05-23 13:16:51,10.9,1.17,18.3
2026-05-23 13:16:53,34.3,1.17,18.3
2026-05-23 13:16:54,34.3,2.34,18.3
2026-05-23 13:16:54,34.3,2.34,14.9
2026-05-23 13:16:55,79.4,2.34,14.9
2026-05-23 13:16:55,79.4,2.5,14.9
2026-05-23 13:16:55,79.4,2.5,32.5
2026-05-23 13:17:00,13.4,2.5,32.5
2026-05-23 13:17:01,13.4,3.58,32.5
2026-05-23 13:17:03,13.4,3.58,64.8
2026-05-23 13:17:04,35.8,3.58,64.8
2026-05-23 13:17:05,35.8,6.04,64.8
2026-05-23 13:17:06,35.8,6.04,28.3
2026-05-23 13:17:06,60.6,6.04,28.3
2026-05-23 13:17:07,60.6,7.19,28.3
2026-05-23 13:17:08,60.6,7.19,10.0
2026-05-23 13:17:10,76.9,7.19,10.0
2026-05-23 13:17:11,76.9,1.56,10.0
2026-05-23 13:17:12,76.9,1.56,77.2
2026-05-23 13:17:13,14.4,1.56,77.2
2026-05-23 13:17:14,14.4,7.11,77.2
2026-05-23 13:17:15,14.4,7.11,28.2
2026-05-23 13:17:17,65.7,7.11,28.2
2026-05-23 13:17:18,65.7,6.3,28.2
2026-05-23 13:17:19,65.7,6.3,52.5
2026-05-23 13:17:20,29.3,6.3,52.5
2026-05-23 13:17:21,29.3,2.58,52.5
2026-05-23 13:17:21,29.3,2.58,37.5
2026-05-23 13:17:22,77.6,2.58,37.5
2026-05-23 13:17:22,77.6,3.14,37.5
2026-05-23 13:17:23,77.6,3.14,38.6
2026-05-23 13:17:23,34.4,3.14,38.6
2026-05-23 13:17:23,34.4,3.66,38.6
2026-05-23 13:17:24,34.4,3.66,67.3
2026-05-23 13:17:24,32.3,3.66,67.3
2026-05-23 13:17:25,32.3,5.92,67.3
2026-05-23 13:17:25,32.3,5.92,67.2
2026-05-23 13:17:25,54.4,5.92,67.2
2026-05-23 13:17:26,54.4,5.99,67.2
2026-05-23 13:17:27,54.4,5.99,55.1
2026-05-23 13:17:28,10.2,5.99,55.1
2026-05-23 13:17:28,10.2,5.78,55.1
2026-05-23 13:17:29,10.2,5.78,31.1
2026-05-23 13:17:30,26.5,5.78,31.1
2026-05-23 13:17:31,26.5,5.6,31.1
2026-05-23 13:17:33,26.5,5.6,57.3
2026-05-23 13:17:34,18.4,5.6,57.3
2026-05-23 13:17:35,18.4,3.45,57.3
2026-05-23 13:17:35,18.4,3.45,75.4
2026-05-23 13:17:35,33.9,3.45,75.4
2026-05-23 13:17:36,33.9,4.16,75.4
2026-05-23 13:17:36,33.9,4.16,18.6
2026-05-23 13:17:37,55.4,4.16,18.6
2026-05-23 13:17:38,55.4,4.44,18.6
2026-05-23 13:17:38,55.4,4.44,53.3
2026-05-23 13:17:40,33.3,4.44,53.3
2026-05-23 13:17:41,33.3,4.99,53.3
2026-05-23 13:17:41,33.3,4.99,56.0
2026-05-23 13:17:42,60.8,4.99,56.0
2026-05-23 13:17:43,60.8,7.47,56.0
2026-05-23 13:17:44,60.8,7.47,51.7
2026-05-23 13:17:45,66.9,7.47,51.7
2026-05-23 13:17:46,66.9,7.24,51.7
2026-05-23 13:17:47,66.9,7.24,20.8
2026-05-23 13:17:48,63.9,7.24,20.8
2026-05-23 13:17:49,63.9,4.73,20.8
2026-05-23 13:17:53,63.9,4.73,70.6
2026-05-23 13:17:53,23.1,4.73,70.6
2026-05-23 13:17:53,23.1,4.42,70.6
2026-05-23 13:17:54,23.1,4.42,56.9
2026-05-23 13:17:55,67.3,4.42,56.9
2026-05-23 13:17:55,67.3,4.87,56.9
2026-05-23 13:17:55,67.3,4.87,49.7
2026-05-23 13:17:57,78.4,4.87,49.7
2026-05-23 13:17:57,78.4,4.96,49.7
2026-05-23 13:17:57,78.4,4.96,67.3
2026-05-23 13:17:59,17.4,4.96,67.3
2026-05-23 13:17:59,17.4,7.66,67.3
2026-05-23 13:17:59,17.4,7.66,59.5
2026-05-23 13:18:01,10.3,7.66,59.5
2026-05-23 13:18:01,10.3,2.55,59.5
2026-05-23 13:18:01,10.3,2.55,43.5
2026-05-23 13:18:03,29.4,2.55,43.5
2026-05-23 13:18:03,29.4,5.48,43.5
2026-05-23 13:18:03,29.4,5.48,74.9
2026-05-23 13:18:05,52.8,5.48,74.9
2026-05-23 13:18:05,52.8,7.57,74.9
2026-05-23 13:18:05,52.8,7.57,23.4
2026-05-23 13:18:07,40.4,7.57,23.4
2026-05-23 13:18:07,40.4,2.68,23.4
2026-05-23 13:18:07,40.4,2.68,19.1
2026-05-23 13:18:10,33.2,2.68,19.1
2026-05-23 13:18:10,33.2,6.82,19.1
2026-05-23 13:18:10,33.2,6.82,35.6
2026-05-23 13:18:12,33.2,6.82,35.6
2026-05-23 13:18:12,33.2,6.82,35.6
2026-05-23 13:18:12,33.2,6.82,35.6
2026-05-23 13:18:14,54.2,6.82,35.6
2026-05-23 13:18:14,54.2,2.38,35.6
2026-05-23 13:18:14,54.2,2.38,47.2
2026-05-23 13:18:16,25.4,2.38,47.2
2026-05-23 13:18:16,25.4,2.47,47.2
2026-05-23 13:18:16,25.4,2.47,16.5
2026-05-23 13:18:18,77.5,2.47,16.5
2026-05-23 13:18:18,77.5,7.98,16.5
2026-05-23 13:18:18,77.5,7.98,31.3
2026-05-23 13:18:20,12.9,7.98,31.3
2026-05-23 13:18:20,12.9,5.75,31.3
2026-05-23 13:18:20,12.9,5.75,14.9
2026-05-23 13:18:22,10.2,5.75,14.9
2026-05-23 13:18:22,10.2,4.02,14.9
2026-05-23 13:18:22,10.2,4.02,15.3
2026-05-23 13:18:24,66.3,4.02,15.3
2026-05-23 13:18:24,66.3,2.01,15.3
2026-05-23 13:18:24,66.3,2.01,12.8
